キー,英語,日本語
FIGHT_LEVEL_NOT_IN_COMBAT_TITLE,Action impossible during combat,
ACTIVATION_OFF,OFF,
ACTIVATION_ON,ON,
ADVERT_AD_SELECTED,Ad campaign selected,
ADVERT_ANYONE,Attracts any kind of victim,
ADVERT_BANKER,Attracts bankers.\nRequires: 4 full Treasure Chests,
ADVERT_COST,Cost,
ADVERT_DELIVERY_STAGE,Ad campaign delivery stages,
ADVERT_DESC_BANKER,"Seriously, big bags of money just sitting on the floor. Too heavy for most people to carry. Strong financial background required for lifting. Inquire within.",
ADVERT_DESC_DENTIST,Tooth Decay: The Silent Killer will be presented tonight by the Royal Dentistry Foundation. Talk includes exciting slideshows and a roundtable discussion about plaque!,
ADVERT_DESC_GEEK_1,The best-ever game master is organizing a huge party for the launch of a new Dungeons & Monsters game. Coupon for a free pizza and soda included. Don't worry about the monsters — they are just our staff dressed for cosplay.,
ADVERT_DESC_GEEK_2,"Be the first to play Freaking Zombie Murder Party 2 at the world premiere! A multiplayer open world in 12D megamixmax, with real blood projected in your face!",
ADVERT_DESC_GOTHIC,"Life is a pointless charade. You know it, we know it. We’re getting together to swap black clothing and share dark eyeliner tips. Show up if you want and we’ll experience the endless depression of life together.",
ADVERT_DESC_HOTEL,"Rooms available. Lowest rates guaranteed. Free parking, free WiFi, free color TV. Come and see it for yourself!",
ADVERT_DESC_HOUSE_FOR_RENT,"For Rent: Cozy two bedroom house in peaceful rural setting. No neighbors to bother you or your kids! Rent recently reduced, but not because anything scary happened here. No appointment necessary, just stop by!",
ADVERT_DESC_OLD_PEOPLE,"Come play bingo with us! There’s no reason not to, especially since this is a safe environment where kids never play their loud rock music. Bingo cards are free, and so is the applesauce!",
ADVERT_DESC_PARTY_1,"Dudes and dudettes! It's, like, the biggest party ever, and it's going down nooooow! Soft drinks, potato chips and bench-press competitions! Bring your awesome self and get ready to par-tay!",
ADVERT_DESC_PARTY_2,"You want to kick back with the most awesome people in the neighborhood? That’s us, and that’s you, too! BYOB (Bring Your Own Buddies) and we’ll turn this into a party!",
ADVERT_DESC_STONER,Suffering from headaches or back pain? Come and relax. 100% organic products.,
ADVERT_DESC_TOURIST_1,"Celebrities are real people, they live in houses and everything. Some celebrities have even stayed at our estate. Come by for the full star-studded tour!",
ADVERT_DESC_TOURIST_2,"We've gone crazy! Every item in our gift shop is now 50% off, but only for the next, uh, 15 minutes! You'd better run right over here and start shopping!",
ADVERT_DESC_VICTIM_BANKER,Bankers carry a lot more money.,
ADVERT_DESC_VICTIM_BASIC,"Everyday, run-of-the-mill victims. ",
ADVERT_DESC_VICTIM_DENTIST,Dentists carry more money.,
ADVERT_DESC_VICTIM_FAMILLY,"It's easier to lure families to your mansion, but families include kids (tender, but small) and dogs (killing them is against the rules).",
ADVERT_DESC_VICTIM_GEEK,Geeks provide more brains and may drop a circuit board.,
ADVERT_DESC_VICTIM_JOKE,"Sporty types have fewer brains, but more meat.",
ADVERT_DESC_VICTIM_TOURIST,Tourists carry a little more money.,
ADVERT_DESC_WIN_LOTERIE_DISHES,"You have won this genuine porcelain dinnerware set, decorated with 24-karat gold and inspired by the great Louis XI! Prizes must be claimed in person at our mansion!",
ADVERT_DESC_WIN_LOTERIE_TRAVEL,You have won an all-inclusive trip around the world on a luxury line. Claim your prize in person at our mansion!,
ADVERT_GEEK,Attracts geeks\nRequires: 4 bookcases and 2 lamps in one room,
ADVERT_GOTOMAILBOX,Your minion is going to the mailbox,
ADVERT_JOCK,Attracts sporty types\nRequires: 2 TVs and 1 jacuzzi in one room,
ADVERT_LOCKED,"Locked, need:",
ADVERT_LOCKED_FOR_THIS_DAY,(Choice locked for today),
ADVERT_MAIL_COLLECTION_MISSED,Mail collection missed today (not enough ads produced).,
ADVERT_MAIL_CONFIGURE_AD,Mail collection missed today (no ad campaign selected).,
ADVERT_MAIL_POSTED,Ad campaign sent today.,
ADVERT_MAIL_SEND,Mail sent.,
ADVERT_SELECT_ONE,Select an ad campaign for today.,
ADVERT_TITLE_BANKER,Money. There's bags of money here.,
ADVERT_TITLE_DENTIST,Tooth Decay Seminar – Today Only!,
ADVERT_TITLE_GEEK_1,Come play Dungeons & Monsters with us!,
ADVERT_TITLE_GEEK_2,Freaking Zombie Murder Party 2 video game sneak preview!,
ADVERT_TITLE_GOTHIC,Meeting between Black Souls.,
ADVERT_TITLE_HOTEL,Need a room? Our rates are suspiciously low!,
ADVERT_TITLE_HOUSE_FOR_RENT,Cozy house for rent. Quiet. “Safe”. No neighbors.,
ADVERT_TITLE_OLD_PEOPLE,Bingo Tonight.,
ADVERT_TITLE_PARTY_1,WOOOO! PAAAARRRRTYYYYY!,
ADVERT_TITLE_PARTY_2,Hang out with the coolest bros ever!,
ADVERT_TITLE_STONER,Organic mushrooms - they're simply magical!,
ADVERT_TITLE_TOURIST_1,Homes of the Rich and Famous!,
ADVERT_TITLE_TOURIST_2,Gift Shop  – 50% off!,
ADVERT_TITLE_WIN_LOTERIE,You won a set of 24-karat gold-plated serving dishes!,
ADVERT_TITLE_WIN_TRAVEL,You won a luxury holiday cruise!,
ADVERT_VIRGIN,Your group of victims can include one or several virgins.,
ALERT_TEXT_ATTACK,You are under attack!,
ALERT_TEXT_MONSTER_RAGE,One of your minions is enraged!,
ALERT_TEXT_VICTIMS,Victims on the road!,
ATTACK_BITE,Bite,
ATTACK_BONE,Throw your bones,
ATTACK_FREEZE_IN_STONE,Stony look,
ATTACK_HEALING_BLESS,Healing blessing,
ATTACK_HOLLY_BLESS,Holy blessing,
ATTACK_PITCHFORK,Pitchfork,
ATTACK_POISON_BITE,Poisoned bite,
ATTACK_PSYCHO_BITE,Ear bite,
ATTACK_PSYCHO_DISARM,Steal weapon,
ATTACK_WEB,Spiderweb,
ATTACKAI_BEHAVE_NEUTRAL,Attack only if you give the order,
ATTACKAI_BEHAVE_DEFENSE,Attack everything that attack a fellow minion,
ATTACKAI_BEHAVE_ATTACK,Attack Nearby Enemies,
ATTRIBUT_BLEED,Bleed,
ATTRIBUT_CURSE_BLESS_DESC,Curse / Bless,
ATTRIBUT_DEXTERITY,Dexterity,
ATTRIBUT_DEXTERITY_DESC,Increases the chance of launching a successful physical range attack and increases the chance of dodging a physical range attack.,
ATTRIBUT_DEXTERITY_DESC_CALCUL,Likelihood of dodging a physical range attack = (your dexterity - target's dexterity) X [ESQUIVE_BONUS]%\nLikelihood of your target dodging your physical attack = (target dexterity - your dexterity) X [ESQUIVE_BONUS]%,
ATTRIBUT_ENDURANCE,Endurance,
ATTRIBUT_ENDURANCE_DESC,Increases stamina refill speed,
ATTRIBUT_ENDURANCE_DESC_CALCUL,1 Endurance point = +[BONUS]% stamina refill speed bonus,
ATTRIBUT_FIRE,Fire,
ATTRIBUT_INFECT_TRANSFORM_DESC,Transformation,
ATTRIBUT_MIND,Mind,
ATTRIBUT_MIND_DESC,Increases experience gained during fight,
ATTRIBUT_MIND_DESC_CALCUL,1 Mind point = +[BONUS]% of fighting XP gain during combat or training.,
ATTRIBUT_POISON,Poison,
ATTRIBUT_SEE_DISTANCE,Field of vision,
ATTRIBUT_SLOWDOWN,Slow down,
ATTRIBUT_STRENGTH,Strength,
ATTRIBUT_STRENGTH_DESC,Increase melee damage,
ATTRIBUT_STRENGTH_DESC_CALCUL,1 strength point = +[BONUS]% more damage in melee attacks,
ATTRIBUT_STUNNED,Stunned,
ATTRIBUT_THROWUP,Vomit,
ATTRIBUT_TRAP,Traps,
AUTO_SAVE,Auto save,
AVERT_PANEL_DESC,Choose the daily ad campaign you will send to attract victims (one ad per day).,
AVERT_PANEL_TITLE,Ad campaign,
BED_ASSIGNED_TO,This bed is assigned to [BEDOWNER],
BED_FREE,Not occupied,
BED_INCREASE_BLEED_RESIST,Increases bleed resistance by [BONUS] after a full night's sleep in this bed.,
BED_INCREASE_CURSE_RESIST,Increases curse/bless resistance by [BONUS] after a full night's sleep in this bed.,
BED_INCREASE_MAX_LIFE,Increases max life by [BONUS] after a full night's sleep in this bed.,
BED_INCREASE_POISON_RESIST,Increases poison resistance by [BONUS]after a full night's sleep in this bed.,
BED_REDUCE_SLEEP,Reduces sleeping time by [POURCENTAGE_SLEEP_REDUC].,
BLEED,Bleeding,
BLESS,Blessed,
BUILD_ON_GROUND,Can be built inside or outside your mansion. No floor needed.,
BURNED,Burned,
CANCEL_CONSTRUCTION,Cancel construction,
CARACTERISTIC_FOOD_QUANTITY,Food per day:,
CARACTERISTIC_LIFE,Max life:,
CARACTERISTIC_MAX_TASK,Max number of jobs assigned:,
CARACTERISTIC_STAMINA,Max stamina:,
CARACTERISTIC_TASK_GOOD_AT,Good at these jobs:,
CARACTERISTIC_WALKING_SPEED,Walking speed:,
CEMETARY_REVIVE_TITLE,Dig tombstone to revive this monster?,
CEMETARY_NORMAL_TITLE,Dig this tombstone?,
CHARACTER_BANKER_1,Former politician with a penchant for pranks.,
CHARACTER_BANKER_2,Refers to self as a gas guzzler.,
CHARACTER_BANKER_3,Has never played the tuba.,
CHARACTER_BANKER_4,Has never kissed a squirrel.,
CHARACTER_BANKER_5,Believes the world is square-shaped.,
CHARACTER_DENTISTE_1,Responsible for 1 in 3 Candy Crush requests on social media.\r,
CHARACTER_DENTISTE_2,Seasoned fly fisherman.,
CHARACTER_DENTISTE_3,Consider starting a window-treatment business.,
CHARACTER_DENTISTE_4,Can type almost 3 words per minute.,
CHARACTER_DENTISTE_5,Baked Alaska World Champion,
CHARACTER_DENTISTE_6,Only tips at fast-food restaurants.,
CHARACTER_DENTISTE_7,Owns a collection of completely dull swords.,
CHARACTER_DESC_BANCKERS_2,Once denied a crippled old woman a loan simply because he could.,
CHARACTER_DESC_BANCKERS_3,Bathes in money every night. Needs ointment in the morning to treat the paper cuts.,
CHARACTER_DESC_CHEERLEADERS_1,"1, 2, 3, 4, I want lip gloss, more, more, more, more!",
CHARACTER_DESC_CHEERLEADERS_2,"Is, like, totally over being scared of, like, monsters. As if. Whatever.",
CHARACTER_DESC_CHEERLEADERS_3,"Wants cHeEr 4 LifE written on her tombstone if she dies. And yeah, she probably will die.",
CHARACTER_DESC_FRANKENSTEIN_MONSTER_1,"The neck bolts are just for decoration, but they also help keep scarves on in the winter.",
CHARACTER_DESC_GEEK_1,Calculates a 467% chance something bad will happen tonight.,
CHARACTER_DESC_GEEK_11,"Has severe allergies to fruit, vegetables, starches and protein.",
CHARACTER_DESC_GEEK_12,Short of breath since 1987.,
CHARACTER_DESC_GEEK_13,Wonders how the world economy could have been improved if VHS tapes were still around.\r,
CHARACTER_DESC_GEEK_14,Weak ankles. Strong halitosis.,
CHARACTER_DESC_GEEK_15,Mensa Chapter President.,
CHARACTER_DESC_GEEK_16,Prefers underwear as outerwear.,
CHARACTER_DESC_GEEK_17,Intense fear of socks.,
CHARACTER_DESC_GEEK_2,Would much rather be doing homework.,
CHARACTER_DESC_GEEK_3,"Awarded ""Best Pocket Protector"" by the yearbook committee.",
CHARACTER_DESC_GEEK_4_AO,Uses the word 'purportedly' at least 17 times per day.,
CHARACTER_DESC_GOTHIC_1,Interested in black magic and purple magic.,
CHARACTER_DESC_HUNTER_1_AO,Loves to vacuum. Has never emptied the vacuum cleaner.,
CHARACTER_DESC_HUNTER_2_AO,"Pretends to have coined the phrase, ""Take it sleazy,"" when leaving a room.",
CHARACTER_DESC_HUNTER_3_AO,Listens to heavy metal loudly whenever and wherever they feel like it.,
CHARACTER_DESC_HUNTER_4_AO,Has lots of opinions about what other people should do ... and is usually right.,
CHARACTER_DESC_HUNTER_5_AO,Huge fan of the earlobe.,
CHARACTER_DESC_HUNTER_6_AO,Hates real SPAM.,
CHARACTER_DESC_JOCKS_1,"This isn't about me, it's about the team. I'm here for the team. Go team!",
CHARACTER_DESC_JOCKS_10,Turnstyle junkie.,
CHARACTER_DESC_JOCKS_11,Bruised an eyelid playing soccer.,
CHARACTER_DESC_JOCKS_2,"Promised everyone that if they die, he'll do 100 push-ups in their honor.",
CHARACTER_DESC_JOCKS_3,"Could totally beat up the villain in a fistfight. Bring it on, bro.",
CHARACTER_DESC_JOCKS_4,Once high-fived a baby.,
CHARACTER_DESC_JOCKS_5,Smells like teen spirit.,
CHARACTER_DESC_JOCKS_6,Loves the scent of torn sweatshirts.,
CHARACTER_DESC_JOCKS_7,Owns a peanut.,
CHARACTER_DESC_JOCKS_8,Heavy cream fanatic.\r,
CHARACTER_DESC_JOCKS_9,Expert in both mixed martial arts and mixed messages.,
CHARACTER_DESC_MASCOT,"Thinks their ridiculous outfit protects against evil spirits, but not sharp objects or anything else.",
CHARACTER_DESC_MONSTER_1,Hides their PlayGhoul under the bed.,
CHARACTER_DESC_MONSTER_11_AO,Falafel aficionado.,
CHARACTER_DESC_MONSTER_12_AO,"Personal mantra: Money, Power, Respect, Burritos.",
CHARACTER_DESC_MONSTER_13_AO,Comedy ghost-writer for famous ghosts.,
CHARACTER_DESC_MONSTER_15_AO,Knows that all that glitters is not gold. It could also be silver - which is still super valuable.,
CHARACTER_DESC_MONSTER_16_AO,Huge fan of spam emails.,
CHARACTER_DESC_MONSTER_17_AO,"Stylish, but isn't in your face about it.",
CHARACTER_DESC_MONSTER_18_AO,"Has used more hair products than anyone, so is an expert on this topic of conversation.",
CHARACTER_DESC_MONSTER_19_AO,Once drank spoiled milk and still brags about it.,
CHARACTER_DESC_MONSTER_2,Loves playing Hungry Hungry Hippos.,
CHARACTER_DESC_MONSTER_20,Loves soap operas. Hates soap.\r,
CHARACTER_DESC_MONSTER_21,Dances with wolves (occasionally).,
CHARACTER_DESC_MONSTER_22,Once slow-danced with Vlad the Impaler.,
CHARACTER_DESC_MONSTER_23,Once fast-danced with Henry VIII.,
CHARACTER_DESC_MONSTER_24,Interested in black magic and purple magic.,
CHARACTER_DESC_MONSTER_3,Thinks they would do a lot better than you.,
CHARACTER_DESC_MONSTER_4,Is a gluten-intolerant Pastafarian.,
CHARACTER_DESC_MONSTER_5,Always looks on the bright side of life.,
CHARACTER_DESC_MONSTER_7,Prefers eating vegan. Well... vegans.,
CHARACTER_DESC_MONSTER_8,Was evil before it became mainstream.,
CHARACTER_DESC_MONSTER_9,Does lovely arts and crafts with people-mâché.,
CHARACTER_DESC_MUMMY_1,"Set free when looters raided a tomb in Egypt, this mummy is ready to party like it's 1999 BC.",
CHARACTER_DESC_MUMMY_2,"Isn't really a mummy, just a confused citizen wrapped in toilet paper.",
CHARACTER_DESC_OLD_1,Owns a variety of wigs.,
CHARACTER_DESC_OLD_10,Only listens to music on cassette tapes and people who talk baloney.,
CHARACTER_DESC_OLD_2,Never learned to drive anything but a three-seater bicycle.,
CHARACTER_DESC_OLD_3,Won big in the 1974 lottery. Spent it all on ham products and postage stamps.,
CHARACTER_DESC_OLD_4,Prankster who accidently caused the Great Depression.,
CHARACTER_DESC_OLD_5,Always wears socks with sandals.,
CHARACTER_DESC_OLD_6,"Has just over 76,000 children, all of whom are named Moe. Always forgets their names. Usually forgets he even has children.",
CHARACTER_DESC_OLD_7,Jumps rope with your Aunt Edna.,
CHARACTER_DESC_OLD_8,Once lived in a beer cooler.,
CHARACTER_DESC_OLD_9,Blinked only six times in the '80s.,
CHARACTER_DESC_PSYCHOPATHS_1,"First he'll saw off an arm, then he'll cut fingers off the severed arm to appear more psychotic.",
CHARACTER_DESC_PSYCHOPATHS_2,"Wears a mask because it looks cool. Also, it hides his crazy eyes.",
CHARACTER_DESC_SPIDER_1,Catching insects is boring. Killing humans? Now you're talking!,
CHARACTER_DESC_SPIDER_2,Saving money to buy four new pairs of shoes.,
CHARACTER_DESC_VAMPIRE_2,"Likes: turning into a bat. Dislikes: garlic, holy water and humans who constantly ask him out.",
CHARACTER_DESC_VAN_HELSING_2,"Minions don't stand a chance with this well-educated, well-armed hunter on the loose.",
CHARACTER_DESC_VAN_HELSING_3,His day planner just has a single entry repeated over and over: kill evil minions.,
CHARACTER_DESC_VICTIM_1_AO,Inexplicably describes yoga as “the most important meal of the day”.,
CHARACTER_DESC_VICTIM_10,Their insides are 87% Fruit Punch.\n,
CHARACTER_DESC_VICTIM_11,Smells of patchouli and ground veal.\n,
CHARACTER_DESC_VICTIM_12,Invented the popular inner city street game Peanut Butter & Skelly.,
CHARACTER_DESC_VICTIM_13,Forgot to go to school for 18 years.,
CHARACTER_DESC_VICTIM_14,Nocturnal.,
CHARACTER_DESC_VICTIM_15,Met Santa Claus once at the mall.,
CHARACTER_DESC_VICTIM_16,Made up mostly of bread.,
CHARACTER_DESC_VICTIM_17,Dislikes pretty much any natural element.,
CHARACTER_DESC_VICTIM_18,Middle name is Groggy Pants.,
CHARACTER_DESC_VICTIM_2_AO,Once arrested for trying to break into several closed amusement parks.,
CHARACTER_DESC_VICTIM_3_AO,Once searched Google for the term “search google”.,
CHARACTER_DESC_VICTIM_4_AO,"Part-time lover, full-time extreme couponer.",
CHARACTER_DESC_VICTIM_6_AO,"Famous freestyle rapper, but only at the local church.",
CHARACTER_DESC_VICTIM_7_AO,"Took a year off before starting college to “find themselves"". What they found was super gross.",
CHARACTER_DESC_VICTIM_8_AO,Once got into a fistfight with their great-aunt over who actually won a game of Gin Rummy 500.,
CHARACTER_DESC_VICTIM_9,Spends most days daydreaming about daydreaming.\r,
CHARACTER_DESC_VICTIM_KS_1_AKA,"Student at Ai No Kokoro high school and very much in love with a handsome young man named Hikari-kun. Oh, love is grand!",
CHARACTER_DESC_VICTIM_KS_10_EDGARD_V,"Thinks he was born a monster and lets out ferocious, beast-like screams for no apparent reason.",
CHARACTER_DESC_VICTIM_KS_11_MISTAH_B,"Heard a rumor that monsters could be used to build various inventions. (Un)fortunately, the monsters heard the same thing about her!",
CHARACTER_DESC_VICTIM_KS_12_AMANDA,Lovable hippy who wandered into a haunted mansion to save a stray kitten. Hope she makes it out ...,
CHARACTER_DESC_VICTIM_KS_2_DAVID_P,"Organizer of events blending pop culture, video games and manga!\nIt's hard to be an organizer...",
CHARACTER_DESC_VICTIM_KS_3_KIRU,"Kiru is a poor poolboy exploited by rich woman. He wears a leopard-print G-string and likes to complain that he no longer has the body of his teenage years.\n""Yamete, I am not edible, I no longer have the body of my teenage years.""",
CHARACTER_DESC_VICTIM_KS_4_VINRAFEL,"After a chance encounter with the dreaded Bigfeets while trying to record footage for the video game Freaking Meatbags, he has devoted himself to traveling the countryside in search of ghosts and ghouls.",
CHARACTER_DESC_VICTIM_KS_5_YUZU,"Yuzu is not your typical medical assistant. After a stint with Interpol, he was a witch for a while, then a chocolatier. Now, he schedules medical appointments, thanks to the diploma he earned on the internet. Is your health bothering you? Yuzu will soon find you an appointment!",
CHARACTER_DESC_VICTIM_KS_6_TV_ADDICT,"A TV addict, he binge-watches shows. When he heard he would be invited to appear on a show if he could prove the existence of the Machiavellian League of Villains, he didn't hesitate to brave the danger.",
CHARACTER_DESC_VICTIM_KS_7_ISAAC_BODY,A failed writer who wanders around cemeteries and haunted mansions to find inspiration. Personality trait: insomniac (he drinks nearly 11 cups of coffee a day).,
CHARACTER_DESC_VICTIM_KS_8_LAFCADIO,"International writer, best known for his books about Japan, especially his collections of Japanese legends and ghost stories.",
CHARACTER_DESC_VICTIM_KS_9_MARIE_S,"With violet eyes that can see into the future and silver-gold hair inherited from a long line of shamans, her true powers reveal themselves at the full moon after sacred vodka shots.",
CHARACTER_DESC_WEREWOLF_2,"Hardcore werewolf who howls at full moons, half moons and crescent moons.",
CHARACTER_DESC_ZOMBIE_1,"A friendly zombie who likes eating big, meaty brains with a dash of hot sauce.",
CHARACTER_GRAB,Jump and grab,
CHARACTER_SELECTION_CHARACTER_CV,These minions want to join your team [YOUR_NAME].,
CHARACTER_SELECTION_CHARACTER_TEAM,Your evil team,
CHARACTER_SELECTION_CONFIRM,Validate selection,
CHARACTER_SELECTION_DISMISSED,Dismiss,
CHARACTER_SELECTION_HIRE,Hire,
CHARACTER_SELECTION_NOT_ENOUGH_MONSTER,Your starting team is not complete.,
CHARACTER_SELECTION_SHUFFLE,Shuffle,
CHARACTER_SELECTION_TEAM_FULL,Team is full,
CHARACTER_TALK_LETS_FIGHT_1,Fight with me!,
CHARACTER_TALK_LETS_FIGHT_2,Let's fight!,
CHARACTER_TALK_LETS_GO_THERE,Let's go there!,
CHARACTER_TALK_LETS_GO_THERE_2,Shall we go through this door?,
CHARACTER_TALK_NO_1,I don't think so.,
CHARACTER_TALK_NO_2,Nope.,
CHARACTER_TALK_SCARE_MONSTER_1,I'm scared.,
CHARACTER_TALK_SCARE_MONSTER_2,What is that thing?!,
CHARACTER_TALK_YES_1,Yes,
CHARACTER_TALK_YES_2,Why not?,
CONFIRM_ARE_YOU_SURE_TITLE,Are you sure?,
CONFIRM_DON_T_SELECT_NEW_MONSTER_DESC,You can still hire more minions. \nAre you sure you want to leave without hiring a minion?,
CONTEXTUAL_ACTION_DESTROY_DESTRUCTIBLE,Destroy,
CONTEXTUAL_ACTION_TARGET_BLOOD,Clean this blood first,
CONTEXTUAL_ACTION_TARGET_BODY_PART,Cut this dead body part,
CONTEXTUAL_ACTION_TARGET_BUILD,Build this first,
CONTEXTUAL_ACTION_TARGET_ENNEMY,Attack,
CONTEXTUAL_ACTION_TARGET_EQUIPE,Equip,
CONTEXTUAL_ACTION_TARGET_FIRE,Extinguish this fire ,
CONTEXTUAL_ACTION_TARGET_FOOD,Eat this,
CONTEXTUAL_ACTION_TARGET_FRIENDS,Target your minions,
CONTEXTUAL_ACTION_TARGET_INTERACT_MACHINE,Interact,
CONTEXTUAL_ACTION_TARGET_OBJECT_BED,Sleep on this bed,
CONTEXTUAL_ACTION_TARGET_OBJECT_MOVING,Bring this to storage first,
CONTEXTUAL_ACTION_TARGET_PICK_MUSHROOM,Collect this plant,
CONTEXTUAL_ACTION_TARGET_POSITION,Go to,
CONTEXTUAL_ACTION_TARGET_REPAIR,Repair this first,
CONTEXTUAL_ACTION_TARGET_SELF,On yourself,
CONTEXTUAL_ACTION_TARGET_STONE,Extract this stone first,
CONTEXTUAL_ACTION_TARGET_WOOD,Cut this tree first,
CONTEXTUAL_ERROR_ACTION_CAN_EQUIP_THIS,Equipment already taken,
CONTEXTUAL_ERROR_ACTION_CAN_T_EAT,Doesn't eat this kind of food,
CONTEXTUAL_ERROR_ACTION_NO_FREE_SLOT,"Can't equip, no free place for this type of equipment",
CONTEXTUAL_ERROR_ACTION_NO_HUNGRY,Not hungry,
CONTEXTUAL_ERROR_ACTION_NO_STORAGE_PLACE,"No available space in storage, or resource reserved for another task.",
CONTEXTUAL_ERROR_ACTION_RESERVED,Already taken by someone else.,
CONTEXTUAL_MOUSE_CLICK,Right-click,
CONTRACT_EVIL_POINT,"[VILLAIN_NAME], here is your evil wage. Now go, and don't let the door eat you on your way out.",
CONTRACT_PART1,"Contract with the League of Machiavellian Villains, LLC\n \n \n This contract is a binding legal agreement made between the Villain and League of Machiavellian Villains, LLC. This agreement sets forth terms and conditions that must be adhered to during the course of evil villainry.\n \n The League of Machiavellian Villains hereby agrees to award Evilium to the above-mentioned Villain, provided said party abides by the terms set out in Annex 666b.\n \n 1. The villain must kill all the eligible victims.\n 2. Victims should be killed when they're alone.\n3. The villain must kill the virgin last.\n 4. Victims should be killed at night. \n 5. Do not kill the dog. Seriously, never.\n \n By signing this contract, or by looking at it long enough, the villain agrees to the above terms. Failure to abide by these terms will result in forfeiture of Evilium and/or incur a penalty of immediate non-life, also known as death.",
CONTRACT_PART2,"If the fine print is read, or if it isn't, portions of the above contract may be spontaneously altered at the discretion of League of Machiavellian Villains, LLC. Those portions will probably be the worst ones, like that bit about you dying if you don't follow the rules. Ha, what's worse than death, right? Try double death, or being evicted from your evil mansion while getting fried by a Giant Death Laser. Using those really jacks up our electric bill, so do us all a favor and just follow the rules, OK? Also, here's a pro-tip: treat your minions well. They may be stupid, ugly, smelly, slimy and disgusting, but they're the key to maintaining high levels of evilitude. Plus, we're pretty sure they're about to start a union. Talk about being evil!",
CONTRACT_SIGN,Sign here,
CONTRACT_SIGNATURE_EVIL_LEAGUE,"Signature of League of Machiavellian Villains,\nrepresentative:",
CONTRACT_SIGNATURE_VILLAIN,Sign here with blood:,
CRAFT,Make,
CRAFT_BY,Needs to be crafted with:,
CRAFT_MAINTAIN_IN_INVENTORY,Maintain this quantity in stockpile:,
CRAFT_MAINTAIN_SHORT,Maintain:,
CRAFT_PACK,Pack of [NUMBER],
CRAFT_QUEUE,Action is queued,
CRAFT_QUEUE_REPEAT_INFINITE,Produce indefinitely,
CRAFT_RECEIPE,Recipe,
CRATE_CONTAIN,This crate contains:,
CURSE,Cursed,
DAYTIME,Day,
DECAYING,Rotting,
DEMO_FINAL_SCREEN_EMAIL,Email,
DEMO_FINAL_SCREEN_MORE_INFO,For more information:,
DEMO_FINAL_SCREEN_NAME,Name (optional),
DEMO_FINAL_SCREEN_REGISTER,Register,
DEMO_FINAL_SCREEN_THANKS,Thank you for playing,
DIFFICULTY,Difficulty,
DIFFICULTY_TITLE,Select Difficulty,
DIFFICULTY_NORMAL,Normal,
DIFFICULTY_HARD,Hard,
DIFFICULTY_VERYHARD,Very Hard,
DIFFICULTY_LOYALTY,[LOYALTYMODIF] Minion Loyalty,
DIFFICULTY_BADEVENTINCREASE,[BAD_EVENT_DIFFICULTY_INCREASE]% Bad Event Difficulty Increase Rate,
DIFFICULTY_HUNTERATTACKDELTADAY,[HUNTER_ATTACK_EVENT_DELTA_DAY]% Time Between Hunter Attacks,
DIFFICULTY_BADEVENTDELTADAY,[BAD_EVENT_DELTA_DAY]% Time Between Bad Events,
DIFFICULTY_CORPFOODMODIF,[CORPSFOODMODIF]% Food Per Harvest,
DIFFICULTY_NONE,No bonus,
DISMISSED_CONFIRM,Dismiss this minion?,
DISPLAY_MAP_EVILNESS,Display Evilness map,
DISPLAY_MAP_PRESTIGE,Display Prestige map,
DISTRACT_VICTIM,[CHANCE]% chance of distracting\na victim of type: [VICTIMTYPE] when it enters the room.,
EFFECT_AFTER,After,
EFFECT_AGRO,Taunt your enemies and make them attack you.,
EFFECT_ATTRIBUT_ADD,Add [VALUE_ADD]% to [ATTRIBUT_NAME]  ,
EFFECT_ATTRIBUT_DIV,Divide the [ATTRIBUT_NAME] by [VALUE_MULT],
EFFECT_ATTRIBUT_MULT,Multiplies the [ATTRIBUT_NAME] by [VALUE_MULT],
EFFECT_BLEED,Bleeding,
EFFECT_BLESS,Bless your target. Increase damage caused by physical hits by [FACTOR_INCREASE]% during [DURATION] second(s).,
EFFECT_CHANCE_FAILURE,[PERCENTAGE]% chance of failure.,
EFFECT_CHANCE_SUCCESS,[PERCENTAGE]% chance of:,
EFFECT_CURE_BLEED,Cures bleeding,
EFFECT_CURE_CURSE,Supresses curses/blessings,
EFFECT_CURE_POISON,Cures poisoning,
EFFECT_CURED_BLEED,Bleeding stopped,
EFFECT_CURED_CURSE,Curse/blessing removed,
EFFECT_CURED_POISON,Poisoning cured,
EFFECT_CURSE,Curse your target. Multiply damage caused by physical hits by [FACTOR_INCREASE]% during [DURATION] second(s).,
EFFECT_DAMAGE,Damage,
EFFECT_DEXTERITY,Success depends on Dexterity: dodging percentage = (target's dexterity - your dexterity) X [ESQUIVE_BONUS].,
EFFECT_DODGE,Attack dodged,
EFFECT_DURING,During,
EFFECT_EQUIP_IS_POSSIBLE,"Remove equipment, if possible.",
EFFECT_EQUIP_REMOVE,Remove a piece of equipment.,
EFFECT_EQUIP_REMOVE_DESC,Remove an equipment of type [EQUIPEMENT_TYPE] from your target.,
EFFECT_EQUIP_REMOVED,Equipment of type [EQUIPEMENT_TYPE] has been removed.,
EFFECT_EQUIP_STOLE,Equipment of type [EQUIPEMENT_TYPE] has been stolen.,
EFFECT_FIRE,Fire:,
EFFECT_FOOD,Food,
EFFECT_FOOD_DAILY,Daily food ration,
EFFECT_FOOD_LEVEL_CHANGED,Food level,
EFFECT_FOR_CHARACTER,[PERCENTAGE] bonus on [CHARACTER_LIST].,
EFFECT_GRAB,"Grab your target. Stops it from moving and fighting back.\n\n- Grab during [DURATION_GRAB_STRONG] if your strength is equal or greater than the target's.\n- Grab during [DURATION_GRAB_WEAK] if your strength is less than the target's.\n- If several minions grab a target at the same time, the minions' strength is combined.",
EFFECT_HEAL,Heal,
EFFECT_HEAL_TO_FULL,Heals [FACTOR]% of life points lost. \nHeal point = (Max life - Current life ) X [FACTOR]%,
EFFECT_HIDE,Victims can't see you.,
EFFECT_HIT,Physical hit,
EFFECT_HYPNO,Hypnotize. Control your enemy.,
EFFECT_HYPNO_FAIL,Hypnosis failed. Mind is too strong.,
EFFECT_HYPNO_CANNOT_HIRE,Cannot hire a hypnotized minion.,
EFFECT_HYPNO_MIND,"Requires a strong mind. This power only works if your mind is stronger than [MULTIPLIER_MIND] X the mind of the target. \nAny mind points above that will increase the duration of the effect by [MIND_EXTRA_DURATION_PERCENTAGE]%.\nFor example, if your current mind level is [CURRENT_MIND], you will be able to hypnotize a target with a mind level lower or equal to [CURRENT_MIND] / [MIND_MULT] = [MIND_RESULT].",
EFFECT_IMMOBILIZE,Immobilize,
EFFECT_IMMOBILIZE_IF_SCARE,Target will be immobilized during [DURATION] second(s) if its [MIND] is lower than your [STRENGTH] divided by [FACTOR] .,
EFFECT_IMMOBILIZE_LOW_MIND,"Target will be immobilized during [DURATION] second(s). \n(Duration is reduced by [MIND_REDUC]% for each [MIND] point the target has, up to a minimum of [MIN_DURATION] second(s)).",
EFFECT_IMMOBILIZE_STRENGTH,"(Duration is reduced by [STENGTH_REDUC]% for each strength point the target has, up to a minimum of [MIN_DURATION] second(s)).",
EFFECT_INFECT,Transform the target into,
EFFECT_INFECT_TRAITS,With the trait [TRAITS_NAME] ([TRAITS_DESC]),
EFFECT_INVINCIBLE_PHYSIC,Invincible to physical damage,
EFFECT_LIFE_POINT,Life point(s),
EFFECT_ON_TARGET,Effect on target:,
EFFECT_PER_SECOND,Per second,
EFFECT_POISON,Poison,
EFFECT_SECOND,Second(s),
EFFECT_SLOWDOWN,Walking speed reduced by,
EFFECT_SPEEDUP,Walking speed,
EFFECT_STAMINA,Stamina,
EFFECT_STONE,Turn into stone,
EFFECT_THROWUP,Vomit,
EFFECT_WEAPON_COOLDOWN,Reduce weapon cooldown by [FACTOR]%,
EQUIPEMENT_DEACTIVATE_TRAITS,Supress the effect of trait: [TRAITS_NAME].,
EQUIPEMENT_DROP,Drop,
EQUIPEMENT_NO_TWO_NECKLACE,I can't have two necklaces.,
EQUIPEMENT_NO_TWO_OF_THIS_TYPE,I can't take more of this type of equipment.,
EQUIPEMENT_NO_TWO_ON_HEAD,There's already something on my head.,
EQUIPEMENT_NO_TWO_POCKETS,My pockets are already full.,
EQUIPEMENT_SHIELD_DURABILITY,Shield [SHIELD_LEFT],
EQUIPEMENT_SLOT_COSUMABLE,Consumable,
EQUIPEMENT_SLOT_EMPTY,Empty slot,
EQUIPEMENT_SLOT_WEAPON,Weapon,
EQUIPEMENT_SLOT_WEAR,Clothing,
EQUIPEMENT_SLOTS,Equipment slots,
EQUIPEMENT_USE,Use,
EQUIPEMENT_WEAPON_DURABILITY,Durability [DURABILITY_LEFT],
EVENT_MARCHANT_ARRIVE,Merchant is on its way.,
EVIL_LEAGUE_MESSAGE,The League of Machiavellian Villains sent you a message.,
EVIL_LEAGUE_OFFICE_CONVOCATION,Summoned to the office of the League of Machiavellian Villains,
EVIL_LEAGUE_OFFICE_CONVOCATION_TITLE,Summons,
EVIL_POINT_DISPLAY,Evilium:,
EVIL_POINT_TOTAL,Total Evilium,
EVILNESS_AVERAGE,Average evilness seen in my environment over the course of a day: \n[AVERAGE_EVILNESS]\n\nThreshold:\n[F_BAD_EVILNESS]\n[F_OK_EVILNESS] \n[F_GOOD_EVILNESS],
EVILNESS_LEVEL,Evilness: [EVILNESS_LEVEL],
EVILNESS_LEVEL_ADDED,Evilness: [EVILNESS_LEVEL] inside a range of [EVILNESS_RANGE],
EVILNESS_LEVEL_ADDED_FLOOR,Evilness: [EVILNESS_LEVEL],
FIGHT_LEVEL,Level: [FIGHT_LEVEL],
FIGHT_LEVEL_DISTRIBUT_PROGRESSION_POINT,"Distribute skill points to improve characteristics, or unlock a fighting skill.",
FIGHT_LEVEL_NOT_IN_COMBAT,You can't assign skill points while minions are still fighting.,
FIGHT_LEVEL_UP,Level up,
FIGHT_LEVEL_UP_POINT,Skill points,
FIGHT_LEVEL_UP_POINT_LEFT,Skill points left to assign: [POINT],
FIGHT_LEVEL_UP_POINT_SHORT,[POINT] points,
FIGHT_LEVEL_UP_STAMINA,Max Stamina,
FIGHT_LEVEL_UP_STAMINA_DESC,1 point adds [POINT] Stamina,
FIGHT_LEVEL_XP_DESC,Level: [FIGHT_LEVEL]\nExperience needed to reach next level: [FIGHT_XP],
FLOOR_NO_FREE_CAN_T_DISMANTLE,"Cannot disassemble this floor, remove what is on it first.",
FOOD_BLOOD,Blood,
FOOD_BONES,Bones,
FOOD_BRAIN,Brain,
FOOD_EFFECTS,Food effect:,
FOOD_FLESH,Meat,
FOREST_CREATURE_CAT_RAT_COMMON,Rat,
FOREST_CREATURE_CAT_SPIDER_BIG,Giant radioactive spider,
FOREST_CREATURE_CAT_SPIDER_SMALL,Big radioactive spider,
FOREST_CREATURE_CAT_TREE_MONSTER,Tabanga,
GAME_EVENT_ANSWER_LATER,I'll get back to you later if you're still there.,
GAME_EVENT_BAR_VAMPIRE_CAME_LATER,The bartender is back. Sell the goods he's asking for.,
GAME_EVENT_BAR_VAMPIRE_CHOICE_1,Sell vampire goods to the bartender.,
GAME_EVENT_BAR_VAMPIRE_DESC,Our new hipster vampire clientele likes their blood locally brewed. We will give you a good price if you can provide us with some top-quality products quickly.,
GAME_EVENT_BAR_VAMPIRE_DONE,Good products. I'll come back later if I need more.,
GAME_EVENT_BAR_VAMPIRE_LATER,Bribe him by offering a drink of fresh blood and ask him to come back in [DAYS] days when you will have the goods.,
GAME_EVENT_BAR_VAMPIRE_LATER_OK,"MMMmmm, delicious beverage. O+ blood explodes against your teeth with the flavors of ripe red fruit and a hint of oak.\nOK, I will come back in [DAYS] when you will have the merchandise ready.",
GAME_EVENT_BAR_VAMPIRE_TITLE,Sharp Canines bar.,
GAME_EVENT_CHEST_ATTACK,"You hear a voice rise around you. ""AAAhhaaa! How dare turn down my present? AAhhhaa! You will see how arrogance is punished.""\nThe chest lid shuts and is engulfed in flames in front of your eyes.",
GAME_EVENT_CHEST_DESC,"As soon as you open the message, a chest surrounded by flames and locked with chains appears in front of you.",
GAME_EVENT_CHEST_DON_T_OPEN,Don't open it.,
GAME_EVENT_CHEST_OBJECT,"You hear a voice rise around you: ""Ohhhooo! A present for you. OOOhhhooOO! \nSincerely, a friend of the family.""\nThe chest spits out an object and instantly goes up in flames.",
GAME_EVENT_CHEST_OPEN,Open it.,
GAME_EVENT_CHEST_RAT,"A couple of rats hop out of the chest, which is now empty.\nThe chest closes and disappears into the flames in front of your eyes.",
GAME_EVENT_CHEST_TITLE,Mystic chest,
GAME_EVENT_COFFIN_ACCEPT,Accept the package. Sign the delivery receipt with human blood.,
GAME_EVENT_COFFIN_DESC,"""We have a wooden box for... [NAME_PLAYER]. It's a human-sized, coffin-shaped box. Are you home to receive it ?""",
GAME_EVENT_COFFIN_EMPTY,"You open the coffin covered with dust. You discover the bones of a vampire. A wooden stick stands in the ribcage, right were the heart should be.",
GAME_EVENT_COFFIN_REFUSE,Refuse it.,
GAME_EVENT_COFFIN_REFUSE_ANSWER,OK. \nDon't forget to call Death Express for all your package needs. Have a nice death.,
GAME_EVENT_COFFIN_TITLE,A call from Death Express: ,
GAME_EVENT_COFFIN_WRONG_ADRESS,"The delivery guys drop the coffin on the floor. A pissed-off vampire jumps out of the box. \n""What ? Where are the palm trees, sand and sun? This is not the Caribbean! \nYou'll pay for this!""",
GAME_EVENT_COME_BACK,Will come back.,
GAME_EVENT_HACKER_CHOICE_1,Internet pack #1: Basic. Erase all references of murder from social media only.,
GAME_EVENT_HACKER_CHOICE_2,"Internet pack #2: All-inclusive. Erase all references of murder from social media, forums and emails.",
GAME_EVENT_HACKER_DESC,Need to hack a website? Create fake internet 'friends'? Stream videos for free? Switch any light in the Pentagon on and off and on and off? Or just delete a murder trail from the web? Call Quick Fingers now!,
GAME_EVENT_HACKER_DONE,Internet hacked !,
GAME_EVENT_HACKER_TITLE,Hacker,
GAME_EVENT_HITMAN_CHOICE_1,Kill friends of your victims who are a little too talkative.,
GAME_EVENT_HITMAN_CHOICE_2,Kill friends of your victims who are a little too talkative. And their families.,
GAME_EVENT_HITMAN_DESC,"Hello! You need to whitewash your reputation. I can make problems disappear, but mostly I get rid of the people who cause them.",
GAME_EVENT_HITMAN_DONE,Your problems have been eliminated.,
GAME_EVENT_HITMAN_TITLE,Hitman,
GAME_EVENT_LOOT_BOX_BUY,Buy [NB_BOX] loot box(es).,
GAME_EVENT_LOOT_BOX_DESC,Helllooo. I have some nice loot boxes. Some are filled with priceless treasures. Do you feel lucky today? (no refunds),
GAME_EVENT_LOOT_BOX_OPEN,Open your loot box and discover what's inside !,
GAME_EVENT_LOOT_BOX_TITLE,Loot Box,
GAME_EVENT_NECROMANCER_CAME_LATER,The Reanimator is back. You can sell him the goods he's asking for.,
GAME_EVENT_NECROMANCER_CHOICE_1,Sell test subjects to the Reanimator.,
GAME_EVENT_NECROMANCER_DESC,"I'm working on some new experiments, and I need material. I pay a fair price for test subjects. I prefer them dead, if possible.",
GAME_EVENT_NECROMANCER_DONE,"Good, good, soft and fresh, just the way I like it...",
GAME_EVENT_NECROMANCER_LATER,Give him a sample to convice him to come back in [DAYS] days when you have all the goods...,
GAME_EVENT_NECROMANCER_LATER_OK,Let me examine this brain. \nSquelch Squelch elasticity 24.5. ZZzzeeeGGggzz \nResidual Neural activity 0.0002  ok\nColor of the brain: Pantone 2036c \nWhich gives me a freshness rating of.. 98.214132%.\n\nGreat ! I will come back in [DAYS] when you have the merchandise ready.,
GAME_EVENT_NECROMANCER_TITLE,Reanimator,
GAME_EVENT_NOT_INTERESTED,Not interested.,
GAME_EVENT_ROAD_BLOCK_DESC,The road is blocked by a landslide. Cursing won't change a thing. It will take [HOUR] hours to get rid of those boulders. I hope you have enough food left and a way to keep it fresh.,
GAME_EVENT_ROAD_BLOCK_TITLE,Road blocked,
GAME_EVENT_STORM_DESC,League of Machiavellian Villains weather alert: \nA storm is coming in about [STORM_DELAY] hours.\nLightning may hit your mansion !,
GAME_EVENT_STORM_TITLE,A storm is coming,
GAME_EVENT_UNDERTAKER_CHOICE_1,Buy [NB_CORPSE] slightly rotten cadavers.,
GAME_EVENT_UNDERTAKER_CHOOSEN,The undertaker uses the main road to deliver the dead bodies.,
GAME_EVENT_UNDERTAKER_DESC,"Hey, I have slightly rotten cadavers to sell. I'm sure that with some clever cutting you can still get a decent quantity of flesh out of them. And they are unbeatably cheap for a limited time only!",
GAME_EVENT_UNDERTAKER_TITLE,Undertaker,
GAME_EVENT_VILLAIN_1_CHOICE_QUESTION_1,Give him [RANCON_1_PRICE].,
GAME_EVENT_VILLAIN_1_CHOICE_QUESTION_2,Give him [RANCON_2_PRICE].,
GAME_EVENT_VILLAIN_1_CHOICE_QUESTION_3,Give him [RANCON_3_PRICE].,
GAME_EVENT_VILLAIN_1_DESC_1,"I am the Destructor, master of all plagues, death lord, orphan-maker and executioner (well, part time).\n\nGive me [RANCON_1_PRICE] or I will destroy your pitiful mansion.",
GAME_EVENT_VILLAIN_1_DESC_2,"Are you sure? I am THE Destructor, master of all plagues, death lord, orphan-maker and executioner (well, part time).\n\nGive me [RANCON_2_PRICE] or I will destroy your pitiful mansion.",
GAME_EVENT_VILLAIN_1_DESC_3,"I am THE Destructor, master of all plagues, death lord, orphan-maker and executioner (well, part time).\n\nOK! Gggrrr! Last offer! [RANCON_3_PRICE] ",
GAME_EVENT_VILLAIN_1_RESULT_DIDN_T_PAY,You will suffer the wrath of my army !,
GAME_EVENT_VILLAIN_1_RESULT_PAY,"Oh, well, thanks... eh, no...You're lucky I won't destroy you this time!",
GAME_EVENT_VILLAIN_1_TITLE,The Destructor,
GAME_EVENT_VIRUS_DESC,Evil League Health Alert: infected food!\nThe victims your minions have been eating were infected by a nasty virus. Your minions will be sick for [HOUR] hours.,
GAME_EVENT_VIRUS_TITLE,Virus,
GAME_OVER_LOAD_LAST_SAVE,Load last save,
GAME_OVER_NB_DAY,Number of days,
GAME_OVER_NB_KILL,Victims killed,
GAME_OVER_RESTART,Restart?,
GUI_OBJECT_DESC_KNIFE_HAND,Slice two tomatoes with just a swing of your hand.,
GUI_ANGRY,Rage,
GUI_ARCHIVE,Archive,
GUI_BACK,Previous,
GUI_BUILD_MENU_BED,Beds,
GUI_BUILD_MENU_DOOR,Doors,
GUI_BUILD_MENU_FLOOR,Floors,
GUI_BUILD_MENU_FOOD,Food (victims),
GUI_BUILD_MENU_FURNITURE,Furniture,
GUI_BUILD_MENU_LAMP,Lamps,
GUI_BUILD_MENU_RESEARCH,Research,
GUI_BUILD_MENU_STORAGE,Storage,
GUI_BUILD_MENU_WALL,Walls,
GUI_CANCEL,CANCEL,
GUI_CHARACTER_IDLE,Idle,
GUI_CLOSE,Close,
GUI_CRAFT_QUANTITY,Produce a quantity of:,
GUI_DAY,Day,
GUI_DAYS_SHORT,D,
GUI_DEMO_REDEMARRER_TEXT,Press F11 to restart the game\nMachiavellian - Alpha,
GUI_DONE,Done,
GUI_FEED_BACK_ANGRY,Angry,
GUI_FEED_BACK_CAN_GO_THERE,Can't go there. The path is blocked.,
GUI_FEED_BACK_CAN_T_BROOM,No blood to clean,
GUI_FEED_BACK_CAN_T_DIG,Can't dig here,
GUI_FEED_BACK_FEED,Ate [QUANTITY] [FOODTYPE],
GUI_FEED_BACK_KILL,Killing,
GUI_FEED_BACK_NOT_ENOUGH_STAMINA,Not enough Attack Energy,
GUI_FEED_BACK_RAGE,Enraged,
GUI_FEED_BACK_REPAIR,Repair,
GUI_FEED_BACK_SUSPICION,Suspicion,
GUI_FEEDBACK_CAN_T_AFFORD,Not enough resources,
GUI_FEEDBACK_CAN_T_BUILD_NEED_MORE_RESOURCES,"Unable to build this item, not enough resources",
GUI_FEEDBACK_MAX_INSTANCE,Can't build any more. Maximum number reached.,
GUI_FOOD_LEVEL,Food,
GUI_HELP,Startup guide,
GUI_HOURS_SHORT,H,
GUI_ICON_ADD_ZONE_BLOOD,Add to blood cleaning area.\n\nMinion assigned to the MAINTENANCE job will clean the blood inside this area.,
GUI_ICON_ADD_ZONE_FIRE,Add to firefighting area.\n\nMinion assigned to the FIRE job will fight fires in this area.,
GUI_ICON_DAY_FOOD_LEFT,An approximation of the number of days your food reserves will feed your minions.,
GUI_ICON_GOLD_COIN,Gold coins available.,
GUI_ICON_NUMBER_OF_VICTIM_KILLED,Number of victims killed.,
GUI_ICON_REMOVE_ZONE_BLOOD,Remove from blood cleaning area.\n\nMinion assigned to the MAINTENANCE job will clean the blood inside this area.,
GUI_ICON_REMOVE_ZONE_FIRE,Remove from firefighting area.\n\nMinions assigned to the FIRE job with fight fires in this area.,
GUI_ICON_SUSPICION,"Suspicion level. \n- The higher your suspicion level, \nthe fewer victims you can lure into your mansion.\n\n- When your supicion level is really low, \nmore victims come to your mansion.\n\n- If your suspicion level is close to the max, \nyou may trigger the villagers' wrath.",
GUI_LATER,Later,
GUI_LIFE_LEVEL,Life,
GUI_LOG_ESCAPE,A victim escaped.,
GUI_LOG_EVENT,Event:,
GUI_LOG_MONSTER_ESCAPE,A minion left you.,
GUI_LOG_VITIMS_ARRIVED,victim(s) have arrived.,
GUI_LOYALTY,Loyalty,
GUI_MEASURE_EVIL_WOOD,Log(s),
GUI_MEASURE_GOLD,Coin(s),
GUI_MEASURE_METAL,Metal,
GUI_MEASURE_NORMAL_WOOD,Log(s),
GUI_MEASURE_RATION,Ration,
GUI_MEASURE_STONE,Unit,
GUI_MONSTER_EAT_COOKED_FOOD,Ate cooked food,
GUI_MONSTER_EAT_MUSHROOM,Ate mushroom,
GUI_MONSTER_PANEL_ANGER,Anger Level:,
GUI_MONSTER_PANEL_HAS_BOSS,Newly hired evil minion,
GUI_MONSTER_PANEL_IN_EVIL_TEAM,In your evil team,
GUI_MONSTER_PANEL_MORE_FOOD,I want to eat more,
GUI_MONSTER_PANEL_NEED_BIGGER_ROOM,I need a bigger room,
GUI_MONSTER_PANEL_NEED_ROOM,I need a room,
GUI_MONSTER_PANEL_SLEEP,I need to sleep,
GUI_MONSTER_SLEEP_IN_GOOD_BED,Slept in a good bed,
GUI_MOOD_VICTIM_BE_ATTACKED,Was attacked,
GUI_MOOD_VICTIM_IN_ROOM_NOT_CLOSED,Room has no wall,
GUI_MOOD_VICTIM_IN_ROOM_TOO_SMALL,Room too small,
GUI_MOOD_VICTIM_SEE_BLOOD,Saw blood,
GUI_MOOD_VICTIM_SEE_BODY_PART,Saw a dead body,
GUI_MOOD_VICTIM_SEEN_MONSTER,Saw a minion,
GUI_MOOD_VICTIM_WALKING_OUTSIDE,Walking outside,
GUI_NEXT,NEXT,
GUI_NEXT_HUNTER,Next hunter,
GUI_NEXT_VITIMES,Next victims,
GUI_NO,No,
GUI_NO_ELECTRICITY,Need energy,
GUI_NOT_ENOUGH_RESOURCES,Not enough resources,
GUI_OBJECT_DESC_ADVANCED_BED,Build better beds to improve your minions' quality of life or to increase their resistance.,
GUI_OBJECT_DESC_ADVERTISING_PANEL,Lure your victims inside your mansion.,
GUI_OBJECT_DESC_AQUARIUM_PIRANHA,Vicious fish in a small fish tank.,
GUI_OBJECT_DESC_ARM_CHAIR,Armchair. Victims love them.,
GUI_OBJECT_DESC_BABOON_MUMMY,Ancient texts praise the rosy red hue of this mummified creature’s rear end. It was stunning.,
GUI_OBJECT_DESC_BABY_SHARK_IN_JAR,These deadly creatures prefer living in jars because the rent is cheaper.,
GUI_OBJECT_DESC_BASEBALL_BAT,Can be used to hit more than just balls.,
GUI_OBJECT_DESC_BASEBALL_HELMET,Baseball players use this to protect their skulls. Also works against other types of impact.,
GUI_OBJECT_DESC_BAT_MUMMY,"Not a mummified bat, just a bat that thought it was supposed to turn into a mummy instead of a vampire. Oops.",
GUI_OBJECT_DESC_BATON,"Was probably invented by the French, which is why everyone feels more sophisticated when they swing it around.",
GUI_OBJECT_DESC_BED_GAZ_MASTER,"Highly radioactive, which is great if you like radiation.",
GUI_OBJECT_DESC_BED_GENERIC,A basic bed to let your minion get some shut-eye.,
GUI_OBJECT_DESC_BED_VAMPIRE,Snug little coffin that blocks out pesky sunlight.,
GUI_OBJECT_DESC_BED_VICTIM,A bed for your victims.,
GUI_OBJECT_DESC_BED_WEREWOLF_PRETTY,"Not too hard, not too soft, but juuuuust right.",
GUI_OBJECT_DESC_BED_ZOMBIE,"A bit scratchy, but as far as beds go, it'll do.",
GUI_OBJECT_DESC_BED_ZOMBIE_MUMMY,An antique sarcophagus that's as cozy as it is comfy.,
GUI_OBJECT_DESC_BENCH_BASIC,"Workshop to build things. You can build a simple room with walls, a floor and doors.",
GUI_OBJECT_DESC_BENCH_FURNITURE,Workshop with a few basic construction tools.,
GUI_OBJECT_DESC_BLOOD_FOOD_SMOKED,Flame-roasted food that never rots.,
GUI_OBJECT_DESC_BODY_PART_SPIDER,The crawly bit from a spider.,
GUI_OBJECT_DESC_BOOK_CASE,The perfect piece of furniture to attract geeks.,
GUI_OBJECT_DESC_BRAIN_FOOD_SMOKED,"A brain, delicately smoked to prevent rotting.",
GUI_OBJECT_DESC_BURLAP_MASK,It would be cute if it didn't trigger fear deep in the hearts of all who see it.,
GUI_OBJECT_DESC_BUTCHER_TABLE,Required to processs dead body parts. Needs a worker to operate.,
GUI_OBJECT_DESC_CAGE_BAT,Caged Carpathian bat who loves long walks on the beach.,
GUI_OBJECT_DESC_CANDLE,Candle to bring more light into a room.,
GUI_OBJECT_DESC_CANDLE_SKULLHEAD,Light up the room with this macabre decoration.,
GUI_OBJECT_DESC_CAT_MUMMY,"Even though it was mummified over 2,000 years ago, it still demands to be let inside every few minutes.",
GUI_OBJECT_DESC_CEMETARY,,
GUI_OBJECT_DESC_CEMETARY_DOOR,,
GUI_OBJECT_DESC_CHAINSAW,Used for massacres and to sculpt bears in tree trunks.,
GUI_OBJECT_DESC_CHEMISTRY,Use arcane sciencey things to make potions.,
GUI_OBJECT_DESC_CLOCK,Doesn't give the right time and doesn't care.,
GUI_OBJECT_DESC_COG,Useful to build complex stuff.,
GUI_OBJECT_DESC_CRATE,Crate containing things.,
GUI_OBJECT_DESC_CREEPY_BABBY_PLUSH,She’s tired of being your little plaything.,
GUI_OBJECT_DESC_CURSED_AMULET,Some say it’s cursed. Others say only the left side is cursed.,
GUI_OBJECT_DESC_DISK,Vinyl records for collectors. Throw them like frisbees.,
GUI_OBJECT_DESC_DOOR_BASIC,A crude door both minions and victims can open.,
GUI_OBJECT_DESC_DOOR_HIDE,This door can't be seen by victims unless it's open. Separates victims' rooms from your minions' rooms.,
GUI_OBJECT_DESC_DOOR_VICTIM,Your front door. It has an irresistible effect on victims.,
GUI_OBJECT_DESC_DYNAMITE,Goes BOOM after a short while. Explosions are cool!,
GUI_OBJECT_DESC_EAR_NECKLACE,This is what happens when friends and Romans lend you their ears.,
GUI_OBJECT_DESC_EVIL_BOOK,"It’s a pop-up picture book. But, you know, an evil pop-up picture book.",
GUI_OBJECT_DESC_EYES_CROWN,Monocle set sold separately.,
GUI_OBJECT_DESC_FENCING_HELMET,Great for providing protection against blunt objects. Do not confuse with a beekeeper’s headgear.,
GUI_OBJECT_DESC_FIRE_HYDRANT,"Dogs love them. If the dog's owner is not around, the dog will walk home.",
GUI_OBJECT_DESC_FLOOR_CARPET,Semi-stylish carpet.,
GUI_OBJECT_DESC_FLOOR_CARPET_2,Fairly stylish carpet.,
GUI_OBJECT_DESC_FLOOR_CHECKED_BOARD,Classic checkered tiles. Snazzy!,
GUI_OBJECT_DESC_FLOOR_HEXAGON,Hexagonal tiles.,
GUI_OBJECT_DESC_FLOOR_STONE,Flagstone floor for that upscale look and feel.,
GUI_OBJECT_DESC_FLOOR_WOOD,Wooden flooring for your mansion.,
GUI_OBJECT_DESC_FLOWER,"A pretty flower. No, a VERY pretty flower!",
GUI_OBJECT_DESC_FLOWER_SPIKE,"Prickly plant found in the desert while taking part in Burning Man festivities — as in, actually burning men!",
GUI_OBJECT_DESC_FLOWER_TONG,Flower made from the beautiful tongues you found.,
GUI_OBJECT_DESC_FOOD_BLOOD,Bag of blood to chow down on.,
GUI_OBJECT_DESC_FOOD_BONE,Bones to nibble.,
GUI_OBJECT_DESC_FOOD_BRAIN,Delicious edible brain.,
GUI_OBJECT_DESC_FOOD_COOKED_BLOOD,Blood sausages make for a tasty meal.,
GUI_OBJECT_DESC_FOOD_COOKED_BRAIN,Cooked brains with a hint of paprika.,
GUI_OBJECT_DESC_FOOD_COOKED_FLESH,Steak cooked to perfection.,
GUI_OBJECT_DESC_FOOD_FLESH,Raw flesh for feasting upon. It's got vitamins and stuff.,
GUI_OBJECT_DESC_FOOD_FLESH_SMOKE,Smoked food does not rot.,
GUI_OBJECT_DESC_FOOD_MEATBALL,"Juicy meatballs. All minions love them, except those that feed on bones.",
GUI_OBJECT_DESC_FOOT_FINGER_NECKLACE,Which little piggie went to the market?,
GUI_OBJECT_DESC_FOOTBALL_HELMET,"Built to withstand direct contact with solid objects, including the ground.",
GUI_OBJECT_DESC_FOUNTAIN_GOLD,Fountain of blood illustrating your everyday blood bath. The statue of the victim is solid gold.,
GUI_OBJECT_DESC_FOUNTAIN_STONE,Fountain of blood illustrating your everyday blood bath.,
GUI_OBJECT_DESC_FRIDGE,The power of refrigeration keeps food fresh.,
GUI_OBJECT_DESC_FUNERAL_URN,"Contains the ashes of random villains. Ooh, spooky!",
GUI_OBJECT_DESC_GAZ_MASK,"Evil engineers designed it to withstand biological warfare of all types, including taco night at the mansion.",
GUI_OBJECT_DESC_GOLD,Gold coins. Can't get enough of them.,
GUI_OBJECT_DESC_GOLD_NUGGET,Can transform into gold coins.,
GUI_OBJECT_DESC_GOLF_CLUB,8 iron.,
GUI_OBJECT_DESC_GRASS,Weeds.,
GUI_OBJECT_DESC_GUN,Takes bullets and propels them at great speed. Not a bad invention.,
GUI_OBJECT_DESC_HAMMER,"Smashy side, grabby side, handle side. Good for destruction.",
GUI_OBJECT_DESC_HAND_FINGER_NECKLACE,Fingers harvested from 100% organic corpses.,
GUI_OBJECT_DESC_HEAD_PART_SPIDER,"The business-end of the spider, with venomous fangs and lots of staring black eyes.",
GUI_OBJECT_DESC_HEAD_UMBRELLA_VAMPIRE,Protects against sunburn.,
GUI_OBJECT_DESC_HEALING,Heals an injured minion. Requires an operator to work.,
GUI_OBJECT_DESC_HOCKEY_HELMET,"Protects the face from pucks, hockey sticks, fists and the occasional cannon fire.",
GUI_OBJECT_DESC_HUMAN_HAND_MUMMY,The mummified remains of a hero who died trying to rescue a princess.,
GUI_OBJECT_DESC_ICE_PICK,Protip: Can be used to “pick” things other than ice. Wink wink.,
GUI_OBJECT_DESC_INVOCATION,Ritual floor drawing to summon a new minion.,
GUI_OBJECT_DESC_JACUZZI,"Sporty types love soaking in warm, steamy hot tubs.",
GUI_OBJECT_DESC_KITCHEN,Minions prepare good meals on it.,
GUI_OBJECT_DESC_KNIFE,Use the pointy end to stab things. Can also slice tomatoes without crushing them.,
GUI_OBJECT_DESC_LAMP,Remember that victims are afraid of the dark.,
GUI_OBJECT_DESC_MACE,"Chosen by Villains Quarterly as Weapon of the Year, Smash/Pierce category.",
GUI_OBJECT_DESC_MACHETE,"Making whooshing noises while swinging it through the air isn’t required, but it sure is fun.",
GUI_OBJECT_DESC_MARCHAND_ITEM,Will buy and sell equipment for gold coins.,
GUI_OBJECT_DESC_MARCHAND_MONSTER,Will buy and sell minions for gold coins.,
GUI_OBJECT_DESC_MASK_IN_LEATHER,Features not one but two zippers for easy access.,
GUI_OBJECT_DESC_MEDIEVAL_AXE,You're going to love the sound it makes hitting a skull.,
GUI_OBJECT_DESC_MEDIEVAL_SHIELD,A tough medieval shield.,
GUI_OBJECT_DESC_METAL,Bits of metal used for construction.,
GUI_OBJECT_DESC_METAL_PLATE,Metal plates that make great building materials. So shiny!,
GUI_OBJECT_DESC_METEORITE_NECKLACE,A chunk of radioactive meteorite suspended on a string. May make you feel funny.,
GUI_OBJECT_DESC_MUSH_ROOM_DOTTIE,"Edible. Gives a little health boost, but you may not walk straight for a while afterwards.",
GUI_OBJECT_DESC_MUSH_ROOM_DOTTIE_FOOD,"Edible. Gives a little health boost, but you may not walk straight for a while afterwards.",
GUI_OBJECT_DESC_MUSH_ROOM_TESTIBOULE_FOOD,"Edible. Eating it will make you feel good, but you may vomit as a side-effect.",
GUI_OBJECT_DESC_MUSH_ROOM_TESTIBOULEL,"Edible. Eating it will make you feel good, but you may vomit as a side-effect.",
GUI_OBJECT_DESC_MUSH_ROOM_VIOLET,"Edible. Nutritious, but a little heavy on the stomach.",
GUI_OBJECT_DESC_MUSH_ROOM_VIOLET_FOOD,"Edible. Nutritious, but a little heavy on the stomach.",
GUI_OBJECT_DESC_MUSHROOM,Mushroom.,
GUI_OBJECT_DESC_NAILER,"Way, way more efficient than throwing thumbtacks.",
GUI_OBJECT_DESC_NECRONOMICON_BOOK,A hideous book of vile spells that makes the Necronomicon look like a shopping list.,
GUI_OBJECT_DESC_NEWS_PAPER,Fake newspaper to lure victims to your mansion.,
GUI_OBJECT_DESC_NEWS_PAPER_BANKER,Fake newspaper to lure bankers to your mansion.,
GUI_OBJECT_DESC_NEWS_PAPER_GEEK,Fake newspaper to attract geeks to your mansion.,
GUI_OBJECT_DESC_NEWS_PAPER_JOK,Fake newspaper to attract sporty types to your mansion.,
GUI_OBJECT_DESC_PAPER_DESK,Write adverts to invite victims to your mansion.,
GUI_OBJECT_DESC_PHONE,You can call merchants for a home delivery - for a fee. ,
GUI_OBJECT_DESC_PIRHANA_FOSSIL,The most evil of all fish preserved for eternity in a chunk of raw shale.,
GUI_OBJECT_DESC_PLANK_WOOD_EVIL,Planks of evil wood made from evil trees.,
GUI_OBJECT_DESC_PLANK_WOOD_NORMAL,Planks of normal wood made from normal trees.,
GUI_OBJECT_DESC_PLATE_MOVE,Moves dead or inanimate things in one direction. Moves live things only if they are tied or stunned.,
GUI_OBJECT_DESC_POLICEMAN_HELMET,"A fancy name for a cop's hat. Still looks cool, though.",
GUI_OBJECT_DESC_POLICEMAN_SHIELD,"If it doesn’t protect against riots, its stylish design will cause one!",
GUI_OBJECT_DESC_POTION_DEXTERITY,Just one swig and juggling chainsaws won't look so daunting.,
GUI_OBJECT_DESC_POTION_IMMUNE_HEAL_1,Take a swig to get a little health back during a fight.,
GUI_OBJECT_DESC_POTION_IMMUNE_HEAL_2,Drink to recover a lot of health during a fight.,
GUI_OBJECT_DESC_POTION_MIND,Tasty potion that increases mind points.,
GUI_OBJECT_DESC_POTION_STAMINA,Developed by evil scientists who wished to stay awake all night.,
GUI_OBJECT_DESC_POTION_STOP_BLEED,Keep that precious blood where it belongs with one quick sip.,
GUI_OBJECT_DESC_POTION_STOP_FIRE,"Protects against fire and fire-based elements, but not super spicy chili recipes.",
GUI_OBJECT_DESC_POTION_STOP_POISON,Poisoned? This delicious potion will take care of it.\nIt also cures food poisoning.,
GUI_OBJECT_DESC_POTION_STRENGH,"More muscles are just a few swigs away. Plus, it tastes like plums.",
GUI_OBJECT_DESC_POTION_WALKING_SPEED,Put some pep in your step with this potion of pure rapidity.,
GUI_OBJECT_DESC_PRESS,Printing press to send publications to lure victims inside your mansion.\nAnd a computer to email spam.,
GUI_OBJECT_DESC_PRESS_DESK,Your minions are hungry! Build a writing desk and write an ad to lure victims inside your mansion.,
GUI_OBJECT_DESC_PROCESSOR,Circuit board  with a processor or microchip.,
GUI_OBJECT_DESC_PUZZLE_BOX,Legends say there’s chocolate at the center.,
GUI_OBJECT_DESC_RESEARCH_BENCH_ADVANCED,High-tech bench used to generate advanced research points.,
GUI_OBJECT_DESC_RESEARCH_BENCH_BASIC,Generate fundamental research points with this rudimentary setup.,
GUI_OBJECT_DESC_RESEARCH_POINT_ADVANCED,Used to unlock research items that require advanced research.,
GUI_OBJECT_DESC_RESEARCH_POINT_BASIC,Used to unlock research items that require fundamental reseach.,
GUI_OBJECT_DESC_RIFLE,"Fires more bullets than other guns, which evil statisticians have determined is a “good” thing.",
GUI_OBJECT_DESC_ROAD,"A road. Not really evil, but maybe it leads somewhere evil?",
GUI_OBJECT_DESC_ROCK,"A rock. Geologically interesting, but otherwise kinda boring.",
GUI_OBJECT_DESC_SCARECORW_HEAD_NECKLACE,Scares away birds of all kinds.,
GUI_OBJECT_DESC_SHOTGUN,Powerfull at short range.,
GUI_OBJECT_DESC_SHRUNKED_HEAD_NECKLACE,A shrunken head encrusted with pearls. Snazzy!,
GUI_OBJECT_DESC_SKELETON_CHAIR,Confortable bone chair to eat in. \nChair must be set near a table and oriented to face the table.,
GUI_OBJECT_DESC_SKELETON_TABLE,Nice solid-bone dining table. Needs chairs around it.,
GUI_OBJECT_DESC_SMOKER,Keeps your minions' food fresh. Needs a worker to operate.,
GUI_OBJECT_DESC_SPAM,Unsolicited emails sent out in massive quantities. Muahaha!,
GUI_OBJECT_DESC_SPAM_COMPUTER,Computer with the latest evil spamming software and wireless internet leaching off of your neighbor's wifi.,
GUI_OBJECT_DESC_SPIDER_NEST,,
GUI_OBJECT_DESC_SPIDER_POISON,Poison tasting of fern and moss with undertones of death. Burns the throat.,
GUI_OBJECT_DESC_SPIDER_THREAD,Useful to guide spiritual energy.,
GUI_OBJECT_DESC_STATUE_MOBILE,"Minions can make art, too.",
GUI_OBJECT_DESC_STONE,Chiseled stone used to build all kinds of neat stuff.,
GUI_OBJECT_DESC_STONE_BRICK,Bricks carved out of mighty stone.,
GUI_OBJECT_DESC_STORAGE_CHEST_GOLD,Basic protection against thieves.,
GUI_OBJECT_DESC_STORAGE_FOOD,Stores only food.,
GUI_OBJECT_DESC_STORAGE_GENERIC,Stores all kinds of stuff.,
GUI_OBJECT_DESC_STORAGE_GOLD,Stores only gold and valuables.,
GUI_OBJECT_DESC_SWORD,Has cut through bodies for centuries,
GUI_OBJECT_DESC_TANNIC_ROOT_PENDANT,The smell is really strong.,
GUI_OBJECT_DESC_TOE_TAG,Placed on the toes of corpses. This one escaped and is begging to be re-used.,
GUI_OBJECT_DESC_TOOTH_NECKLACE,"You’ve got something green stuck in your teeth, right there.",
GUI_OBJECT_DESC_TORCH,In service to mankind since the late Pleistocene. Not suitable for Olympic ceremonies.,
GUI_OBJECT_DESC_TRAP_PUSHING,Wall that pushes living things in one direction.,
GUI_OBJECT_DESC_TRAP_ROTATING,Revolving door to send moving things on the other side of a wall.,
GUI_OBJECT_DESC_TRAPS_COCOON,Wall that throws a spider web at living things.,
GUI_OBJECT_DESC_TRAPS_POISON,Floor that poisons living things.,
GUI_OBJECT_DESC_TRAPS_SAW,Wall that saws living things in half.,
GUI_OBJECT_DESC_TRAPS_SPIKE,Floor that impales living things.,
GUI_OBJECT_DESC_TREE,"An average, ordinary, basic tree.",
GUI_OBJECT_DESC_TV,"A retro-styled TV, also known as a boob tube. Tee hee.",
GUI_OBJECT_DESC_TWO_HEAD_BABY_DUCK_IN_JAR,Two much quack.,
GUI_OBJECT_DESC_VENITIAN_PLAGUE_MASK,Once thought to protect users against the plague.,
GUI_OBJECT_DESC_VICITM_BODY,You need a butcher's table to cut it into food.,
GUI_OBJECT_DESC_VICTIM_HEAD,You need a butcher's table to cut it into food.,
GUI_OBJECT_DESC_VIDEO_CASETTE,What evil acts were recorded on this tape? The world may never know.,
GUI_OBJECT_DESC_VOODOO_DOLL,"Comes with a set of ten voodoo pins, absolutely free!",
GUI_OBJECT_DESC_WALL_BRICK,A fairly strong wall made out of bricks.,
GUI_OBJECT_DESC_WALL_CONCRETE,"Not very flashy, but tough to break.",
GUI_OBJECT_DESC_WALL_STONE,"Pretty strong, and not so bad to look at.",
GUI_OBJECT_DESC_WALL_WOOD,"Weak, easy to break, probably smells like leaves, too.",
GUI_OBJECT_DESC_WEAPON_FORK,A pitchfork used for farming... or as a deadly weapon!,
GUI_OBJECT_DESC_WEB_ON_GROUND,Slows down walking speed by [PERCENTAGE_SPEED].,
GUI_OBJECT_DESC_WOOD_EVIL,Log of wood filled with evil spiritual energy.,
GUI_OBJECT_DESC_WOOD_NORMAL,Log of wood that can be used to build stuff.,
GUI_OBJECT_DESC_WOOD_STAKE,"For best results, place sharp end in the target’s heart or general heart area.",
GUI_OBJECT_DESC_WORM_IN_JAR,"Don't open the jar, it will eat your face, eat your family, then eat itself.",
GUI_OBJECT_EXTRA_INFO_DETERIORATE,Deteriorate,
GUI_OBJECT_EXTRA_INFO_FLOOR_SPEED,Walking Speed [PERCENTAGE_SPEED],
GUI_OBJECT_EXTRA_INFO_GO_BAD,Rots in,
GUI_OBJECT_EXTRA_INFO_NEED_REPAIR,Needs repairing,
GUI_OBJECT_EXTRA_INFO_SOLIDITY,Solidity,
GUI_OBJECT_EXTRA_INFO_TREE_GROW,Growth,
GUI_OBJECT_EXTRA_INFO_TREE_PRODUCE,Log of wood quantity,
GUI_OBJECT_EXTRA_INFO_TREE_SPIRIT_ENERGY,Spiritual energy level,
GUI_OBJECT_TITLE_ADVANCED_BED,Superior bed,
GUI_OBJECT_TITLE_ADVERTISING_PANEL,Billboard,
GUI_OBJECT_TITLE_AQUARIUM_PIRANHA,Fish tank with Piranhas,
GUI_OBJECT_TITLE_ARM_CHAIR,Armchair,
GUI_OBJECT_TITLE_BABOON_MUMMY,Baboon mummy,
GUI_OBJECT_TITLE_BABY_SHARK_IN_JAR,Pygmy shark,
GUI_OBJECT_TITLE_BASEBALL_BAT,Baseball bat,
GUI_OBJECT_TITLE_BASEBALL_HELMET,Batting helmet,
GUI_OBJECT_TITLE_BAT_MUMMY,Mummy bat,
GUI_OBJECT_TITLE_BATON,Le Baton,
GUI_OBJECT_TITLE_BED_GAZ_MASTER,A good day's sleep in a cloud of poison.,
GUI_OBJECT_TITLE_BED_GENERIC,Bed for any minion,
GUI_OBJECT_TITLE_BED_VAMPIRE,Coffin,
GUI_OBJECT_TITLE_BED_VICTIM,Bed for your victims,
GUI_OBJECT_TITLE_BED_WEREWOLF_PRETTY,Pretty bed,
GUI_OBJECT_TITLE_BED_ZOMBIE,Basic bed,
GUI_OBJECT_TITLE_BED_ZOMBIE_MUMMY,Egyptian tomb,
GUI_OBJECT_TITLE_BENCH_BASIC,Basic workshop,
GUI_OBJECT_TITLE_BENCH_FURNITURE,Manufacturing workshop,
GUI_OBJECT_TITLE_BLOOD_FOOD_SMOKED,Smoked blood,
GUI_OBJECT_TITLE_BODY,Dead body,
GUI_OBJECT_TITLE_BODY_PART_SPIDER,Spider leg,
GUI_OBJECT_TITLE_BODY_PART_VICTIM,Victim's dead body,
GUI_OBJECT_TITLE_BOOK_CASE,Bookshelf,
GUI_OBJECT_TITLE_BRAIN_FOOD_SMOKED,Smoked brains,
GUI_OBJECT_TITLE_BURLAP_MASK,Burlap hood,
GUI_OBJECT_TITLE_BUTCHER_TABLE,Butcher's table,
GUI_OBJECT_TITLE_CAGE_BAT,Bat in cage,
GUI_OBJECT_TITLE_CANDLE,Candles,
GUI_OBJECT_TITLE_CANDLE_SKULLHEAD,Skullhead candle,
GUI_OBJECT_TITLE_CAT_MUMMY,Mummified cat,
GUI_OBJECT_TITLE_CEMETARY,Gravestone,
GUI_OBJECT_TITLE_CEMETARY_DOOR,Cemetery door,
GUI_OBJECT_TITLE_CHAINSAW,Chainsaw,
GUI_OBJECT_TITLE_CHEMISTRY,Chemistry bench,
GUI_OBJECT_TITLE_CLOCK,Demonic clock,
GUI_OBJECT_TITLE_COG,Cog,
GUI_OBJECT_TITLE_CRATE,Crate,
GUI_OBJECT_TITLE_CREEPY_BABBY_PLUSH,Ragdoll Annie,
GUI_OBJECT_TITLE_CURSED_AMULET,Amulet of Znor,
GUI_OBJECT_TITLE_DISK,Vinyl records,
GUI_OBJECT_TITLE_DOOR_BASIC,Basic door,
GUI_OBJECT_TITLE_DOOR_HIDE,Hidden door,
GUI_OBJECT_TITLE_DOOR_VICTIM,Pretty red door,
GUI_OBJECT_TITLE_DYNAMITE,Sticks of dynamite,
GUI_OBJECT_TITLE_EAR_NECKLACE,Ear necklace,
GUI_OBJECT_TITLE_EVIL_BOOK,Tome of the Golden Jackal,
GUI_OBJECT_TITLE_EYES_CROWN,Crown of eyes,
GUI_OBJECT_TITLE_FENCING_HELMET,Fencing mask,
GUI_OBJECT_TITLE_FIRE_HYDRANT,Fire hydrant,
GUI_OBJECT_TITLE_FLOOR_CARPET,Nice Carpet,
GUI_OBJECT_TITLE_FLOOR_CARPET_2,Nice carpet,
GUI_OBJECT_TITLE_FLOOR_CHECKED_BOARD,Checkerboard tiles,
GUI_OBJECT_TITLE_FLOOR_HEXAGON,Hexagonal tiles,
GUI_OBJECT_TITLE_FLOOR_STONE,Flagstones,
GUI_OBJECT_TITLE_FLOOR_WOOD,Wooden flooring,
GUI_OBJECT_TITLE_FLOWER,Flowers,
GUI_OBJECT_TITLE_FLOWER_SPIKE,Prickly plant,
GUI_OBJECT_TITLE_FLOWER_TONG,Tongue plant,
GUI_OBJECT_TITLE_FOOD_BLOOD,Blood,
GUI_OBJECT_TITLE_FOOD_BONE,Bones,
GUI_OBJECT_TITLE_FOOD_BRAIN,Brains,
GUI_OBJECT_TITLE_FOOD_COOKED_BLOOD,Cooked blood,
GUI_OBJECT_TITLE_FOOD_COOKED_BRAIN,Cooked brain,
GUI_OBJECT_TITLE_FOOD_COOKED_FLESH,Cooked meat,
GUI_OBJECT_TITLE_FOOD_FLESH,Meat,
GUI_OBJECT_TITLE_FOOD_FLESH_SMOKE,Smoked meat,
GUI_OBJECT_TITLE_FOOD_MEATBALL,Meatball,
GUI_OBJECT_TITLE_FOOT_FINGER_NECKLACE,Foot necklace,
GUI_OBJECT_TITLE_FOOTBALL_HELMET,Football helmet,
GUI_OBJECT_TITLE_FOUNTAIN_GOLD,Gold blood fountain,
GUI_OBJECT_TITLE_FOUNTAIN_STONE,Stone blood fountain,
GUI_OBJECT_TITLE_FRIDGE,Fridge,
GUI_OBJECT_TITLE_FUNERAL_URN,Cremation urn,
GUI_OBJECT_TITLE_GAZ_MASK,Gas mask,
GUI_OBJECT_TITLE_GOLD,Gold coin(s),
GUI_OBJECT_TITLE_GOLD_NUGGET,Gold nugget,
GUI_OBJECT_TITLE_GOLF_CLUB,Golf club,
GUI_OBJECT_TITLE_GRASS,Grass,
GUI_OBJECT_TITLE_GUN,Classic gun,
GUI_OBJECT_TITLE_HAMMER,Handy hammer,
GUI_OBJECT_TITLE_HAND_FINGER_NECKLACE,Finger necklace,
GUI_OBJECT_TITLE_HEAD,Head,
GUI_OBJECT_TITLE_HEAD_PART_SPIDER,Spider head,
GUI_OBJECT_TITLE_HEAD_PART_VICTIM,Victim head,
GUI_OBJECT_TITLE_HEAD_UMBRELLA_VAMPIRE,Head umbrella,
GUI_OBJECT_TITLE_HEALING,Healing machine,
GUI_OBJECT_TITLE_HOCKEY_HELMET,Hockey helmet,
GUI_OBJECT_TITLE_HUMAN_HAND_MUMMY,Hero’s hand,
GUI_OBJECT_TITLE_ICE_PICK,Ice pick,
GUI_OBJECT_TITLE_INVOCATION,Invocation,
GUI_OBJECT_TITLE_JACUZZI,Jacuzzi,
GUI_OBJECT_TITLE_KITCHEN,Stove,
GUI_OBJECT_TITLE_KNIFE,Kitchen knife,
GUI_OBJECT_TITLE_KNIFE_HAND,Gloves with knives,
GUI_OBJECT_TITLE_LAMP,Lamp,
GUI_OBJECT_TITLE_MACE,Mega mace,
GUI_OBJECT_TITLE_MACHETE,Mean machete,
GUI_OBJECT_TITLE_MARCHAND_ITEM,Merchant of equipment,
GUI_OBJECT_TITLE_MARCHAND_MONSTER,Merchant of minion,
GUI_OBJECT_TITLE_MASK_IN_LEATHER,Leather hood,
GUI_OBJECT_TITLE_MEDIEVAL_AXE,Medieval axe,
GUI_OBJECT_TITLE_MEDIEVAL_SHIELD,Medieval shield,
GUI_OBJECT_TITLE_METAL,Metal,
GUI_OBJECT_TITLE_METAL_PLATE,Steel plate,
GUI_OBJECT_TITLE_METEORITE_NECKLACE,Meteorite pendant,
GUI_OBJECT_TITLE_MUSH_ROOM_DOTTIE,Polka dot mushroom,
GUI_OBJECT_TITLE_MUSH_ROOM_DOTTIE_FOOD,Polka dot mushroom,
GUI_OBJECT_TITLE_MUSH_ROOM_TESTIBOULE,Crumpled mushroom,
GUI_OBJECT_TITLE_MUSH_ROOM_TESTIBOULE_FOOD,Crumpled mushroom,
GUI_OBJECT_TITLE_MUSH_ROOM_VIOLET,Purple mushroom,
GUI_OBJECT_TITLE_MUSH_ROOM_VIOLET_FOOD,Purple mushroom,
GUI_OBJECT_TITLE_MUSHROOM,Mushroom,
GUI_OBJECT_TITLE_NAILER,Nailgun,
GUI_OBJECT_TITLE_NECRONOMICON_BOOK,Grinning Grimoire,
GUI_OBJECT_TITLE_NEWS_PAPER,Newspaper,
GUI_OBJECT_TITLE_NEWS_PAPER_BANKER,Financial magazine,
GUI_OBJECT_TITLE_NEWS_PAPER_GEEK,Geek culture magazine,
GUI_OBJECT_TITLE_NEWS_PAPER_JOK,Sports magazine,
GUI_OBJECT_TITLE_PAPER_DESK,Letter,
GUI_OBJECT_TITLE_PHONE,Phone,
GUI_OBJECT_TITLE_PIRHANA_FOSSIL,Piranha fossil,
GUI_OBJECT_TITLE_PLANK_WOOD_EVIL,Plank of evil wood,
GUI_OBJECT_TITLE_PLANK_WOOD_NORMAL,Plank of wood,
GUI_OBJECT_TITLE_PLATE_MOVE,Conveyor belt,
GUI_OBJECT_TITLE_POLICEMAN_HELMET,Riot police helmet,
GUI_OBJECT_TITLE_POLICEMAN_SHIELD,Riot shield,
GUI_OBJECT_TITLE_POTION_DEXTERITY,Potion of dexterity,
GUI_OBJECT_TITLE_POTION_IMMUNE_HEAL_1,Small healing potion,
GUI_OBJECT_TITLE_POTION_IMMUNE_HEAL_2,Large healing potion,
GUI_OBJECT_TITLE_POTION_MIND,Mind potion,
GUI_OBJECT_TITLE_POTION_STAMINA,Stamina potion,
GUI_OBJECT_TITLE_POTION_STOP_BLEED,Bleed-B-Gone potion,
GUI_OBJECT_TITLE_POTION_STOP_FIRE,Fireproof potion,
GUI_OBJECT_TITLE_POTION_STOP_POISON,Antidote potion,
GUI_OBJECT_TITLE_POTION_STRENGH,Strength potion,
GUI_OBJECT_TITLE_POTION_WALKING_SPEED,Speedwalking potion,
GUI_OBJECT_TITLE_PRESS,Printing press,
GUI_OBJECT_TITLE_PRESS_DESK,Writing desk,
GUI_OBJECT_TITLE_PROCESSOR,Circuit board,
GUI_OBJECT_TITLE_PUZZLE_BOX,Puzzle box,
GUI_OBJECT_TITLE_RESEARCH_BENCH_ADVANCED,Advanced research bench,
GUI_OBJECT_TITLE_RESEARCH_BENCH_BASIC,Fundamental research bench,
GUI_OBJECT_TITLE_RESEARCH_POINT_ADVANCED,Advanced research points,
GUI_OBJECT_TITLE_RESEARCH_POINT_BASIC,Fundamental research points,
GUI_OBJECT_TITLE_RIFLE,AK-46 assault rifle,
GUI_OBJECT_TITLE_ROAD,Road,
GUI_OBJECT_TITLE_ROCK,Rock,
GUI_OBJECT_TITLE_SCARECORW_HEAD_NECKLACE,Scarecrow pendant,
GUI_OBJECT_TITLE_SHOTGUN,Shotgun,
GUI_OBJECT_TITLE_SHRUNKED_HEAD_NECKLACE,Voodoo necklace,
GUI_OBJECT_TITLE_SKELETON_CHAIR,Skeleton chair,
GUI_OBJECT_TITLE_SKELETON_TABLE,Skeleton table,
GUI_OBJECT_TITLE_SMOKER,Smoker,
GUI_OBJECT_TITLE_SPAM,Spam,
GUI_OBJECT_TITLE_SPAM_COMPUTER,Computer,
GUI_OBJECT_TITLE_SPIDER_NEST,Toxic container,
GUI_OBJECT_TITLE_SPIDER_POISON,Spider poison,
GUI_OBJECT_TITLE_SPIDER_THREAD,Spider thread,
GUI_OBJECT_TITLE_STATUE_MOBILE,Diabolical sculpture,
GUI_OBJECT_TITLE_STONE,Stone,
GUI_OBJECT_TITLE_STONE_BRICK,Stone bricks,
GUI_OBJECT_TITLE_STORAGE_CHEST_GOLD,Chest for your gold,
GUI_OBJECT_TITLE_STORAGE_FOOD,Food storage,
GUI_OBJECT_TITLE_STORAGE_GENERIC,General storage,
GUI_OBJECT_TITLE_STORAGE_GOLD,Gold storage,
GUI_OBJECT_TITLE_SWORD,Sword,
GUI_OBJECT_TITLE_TANNIC_ROOT_PENDANT,Tannis root charm,
GUI_OBJECT_TITLE_TOE_TAG,Morgue tag,
GUI_OBJECT_TITLE_TOOTH_NECKLACE,Tooth necklace,
GUI_OBJECT_TITLE_TORCH,Wooden torch,
GUI_OBJECT_TITLE_TRAP_PUSHING,Pushing wall,
GUI_OBJECT_TITLE_TRAP_ROTATING,Rotating wall,
GUI_OBJECT_TITLE_TRAPS_COCOON,Spiderweb wall,
GUI_OBJECT_TITLE_TRAPS_POISON,Poison floor,
GUI_OBJECT_TITLE_TRAPS_SAW,Saw wall,
GUI_OBJECT_TITLE_TRAPS_SPIKE,Spike floor,
GUI_OBJECT_TITLE_TREE,Tree,
GUI_OBJECT_TITLE_TV,TV,
GUI_OBJECT_TITLE_TWO_HEAD_BABY_DUCK_IN_JAR,Two-headed duckling,
GUI_OBJECT_TITLE_VENITIAN_PLAGUE_MASK,Plague mask,
GUI_OBJECT_TITLE_VIDEO_CASETTE,VHS tape,
GUI_OBJECT_TITLE_VOODOO_DOLL,Voodoo doll,
GUI_OBJECT_TITLE_WALL_BRICK,Brick wall,
GUI_OBJECT_TITLE_WALL_CONCRETE,Concrete wall,
GUI_OBJECT_TITLE_WALL_STONE,Stone wall,
GUI_OBJECT_TITLE_WALL_WOOD,Wooden wall,
GUI_OBJECT_TITLE_WEAPON_FORK,Pitchfork,
GUI_OBJECT_TITLE_WEB_ON_GROUND,Spiderweb,
GUI_OBJECT_TITLE_WOOD_EVIL,Log of evil wood,
GUI_OBJECT_TITLE_WOOD_NORMAL,Log of wood,
GUI_OBJECT_TITLE_WOOD_STAKE,Wooden stake,
GUI_OBJECT_TITLE_WORM_IN_JAR,Devourer worm,
GUI_OK,OK,
GUI_PRESS_MESSAGE_IN_PROGRESS,Printing of the next edition in progress. \nDo you want to cancel it?,
GUI_ROOM_ERROR_NEED_DOOR,Needs a door,
GUI_ROOM_ERROR_NOT_CLOSED,Room is not closed (needs walls or door surrounding a full floor),
GUI_ROOM_ERROR_TOO_SMALL,Room is too small,
GUI_ROOM_TYPE_BEDROOM,Bedroom,
GUI_ROOM_TYPE_EXIT,Exit menu,
GUI_ROOM_TYPE_KITCHEN,Kitchen,
GUI_ROOM_TYPE_NEEDED,Need to be placed in room of type [ROOMTYPE],
GUI_ROOM_TYPE_NONE,Any room,
GUI_ROOM_TYPE_VICTIM,Victims,
GUI_SETTING,Settings,
GUI_SHOP_MARCHAND,Get your fresh minion here!\nTake your pick.,
GUI_SLEEP_LEVEL,Sleep,
GUI_STAMINA,Stamina,
GUI_START_ALL_TASK,Resume all jobs,
GUI_STOP_ALL_TASK,Stop all minion activity and enter attack mode,
GUI_STORAGE_CELL_EMPTY,Empty,
GUI_STORAGE_CELL_FULL,Full,
GUI_STORAGE_FULL,Storage full,
GUI_STORAGE_SLOT,Storage slot,
GUI_VICTIM_DISTRACTED,Entertained,
GUI_VICTIM_PRODUCE,Food produced:,
GUI_VICTIM_SCARE_FIGHT,When this victim is scared : will fight back.,
GUI_VICTIM_SCARE_FREZZE,When this victim is scared : will freeze in terror.,
GUI_VICTIM_SCARE_RUN_AWWAY,When this victim is scared : will run away.,
GUI_VICTIM_SCARED,Scare,
GUI_WIKI,Wiki (Help),
GUI_WRONG_ROOM_TYPE,Placed in the wrong room type,
GUI_YES,Yes,
HOURS,Hour(s),
HYPNOTIZE,Hypnotized,
IMMUNE_BLEED,Bleed-resistant,
IMMUNE_CURSE,Immune to curses / blessings,
IMMUNE_FIRE,Immune to fire,
IMMUNE_GENERIC,Immune,
IMMUNE_INFECT_TRANSFORM,Immune against Transform,
IMMUNE_POISON,Immune to poison,
IMMUNE_SCARE,Not scared,
IMMUNE_SLOWDOWN,Resistant to slowdown,
IMMUNE_THROWUP,Resistant to throwing up,
IMMUNE_TRAP,Trap avoided,
INTRO_BUBBLE_1_NAME,What’s your Villain name ?,
INTRO_BUBBLE_PROPERTY,Here is your Deed of Property.\nDon't let the door eat you on your way out.,
INTRO_DEFAULT_PLAYER_NAME,Jack the Ripper,
INTRO_INPUT_NAME,Enter your name,
INTRO_LETTER,"Dearest [VILLAIN_NAME],\n\nIn addition to your evil domain, the Machiavellian League of Villains is giving you three minions to start your domain. Don't lose them.\n\nFair warning: the above-mentioned minions are braindead. They will not do anything unless ordered to.\n\nYou will soon receive another letter with our Code of Dishonor. If you've managed to survive until then.\n\nMurderously yours,\nThe Machiavellian League of Villains",
INTRO_TAKE,Take,
INTRO_WELCOME,Welcome to the League of Villains.,
LOAD_MAP,Load level,
LOADING,Loading,
LOCK_NEED_RESEARCH,Need to research in laboratory:,
LOYALTY_ANGRY,<size=100%>No loyalty\n<size=90%>  Your minion is [COLORNOLOYAL]angry[/COLORNOLOYAL] and will start causing damage to your mansion. ,
LOYALTY_AVERAGE,Level of loyalty: \n[AVERAGE_LOYALTY]\n\nThreshold :\n[ENRAGED]\n[ANGRY] \n[HAPPY],
LOYALTY_ENRAGED,"<size=100%>Disloyalty \n<size=90%>  Your minion is [COLORDISLOYAL]enraged[/COLORDISLOYAL], there is a chance he will leave your mansion for good.",
LOYALTY_HAPPY,"<size=100%>High loyalty\n<size=90%>  Your minion is very [COLORLOYAL]happy[/COLORLOYAL], he will get a bonus of [HAPPY_BONUS] for every task. ",
MAIL_BEFORE_PICKUP,Time left before before the post office will close: [TIME],
MAIL_POSTED,Mail is posted. Waiting for mail collection.,
MAIN_MENU_DEMO_NEWGAME,New game,
MAIN_MENU_DEMO1,House in the woods,
MAIN_MENU_DEMO2,House of your nightmares,
MAIN_NEW_GAME,New game,
MAIN_NEW_GAME_SANDBOX,Custom map,
MANSION_QUALITY,Evil mansion quality level,
MANSION_QUALITY_MAX_LEVEL,MAX,
MANUAL_ACTIVATION,Manual activation,
MENU_ACTION,Resources,
MENU_ADD_ZONE_BLOOD,Add to blood cleaning area,
MENU_ADD_ZONE_FIRE,Add to firefighting area,
MENU_ARCHIVE,Archives,
MENU_CHOP_WOOD,Chop wood,
MENU_CLEAN_BLOOD,Clean blood,
MENU_CONSTRUCTION,Construction,
MENU_ENERGY,Energy,
MENU_EXTINGUISH_FIRE,Extinguish fire,
MENU_FURNITURE,Furniture,
MENU_MAP,Information maps,
MENU_MONSTER,Jobs,
MENU_PICK,Collect plants,
MENU_PICK_STONE,Dig into the rock,
MENU_RANK,Rank,
MENU_REMOVE_ZONE_BLOOD,Remove from blood cleaning area.,
MENU_REMOVE_ZONE_FIRE,Remove from firefighting area.,
MENU_RESEARCH,Research,
MENU_ROOM,Room,
MENU_RULES,Rules,
MENU_TRAPS,Traps\nDefense,
MENU_ZONE,Area,
MINUTES,Minute(s),
MONSTER_ACTION_TARGET_ENNEMY,Target an enemy,
MONSTER_ACTION_TARGET_FRIENDS,Target your minion,
MONSTER_ACTION_TARGET_POSITION,Target a position,
MONSTER_ACTION_TARGET_SELF,On yourself,
MONSTER_ASSIGN_BED,Assign this bed,
MONSTER_ATTACK,Attack,
MONSTER_BAT,Bat transmutation,
MONSTER_CAT_CLOWN,Clown,
MONSTER_CAT_DR_FRANKENSTEIN,Dr. Frankenstein,
MONSTER_CAT_FRANKENSTEIN_MONSTER,Frankenstein's Monster,
MONSTER_CAT_GAZ_MASTER,Toxin Master,
MONSTER_CAT_MEDUSA,Medusa,
MONSTER_CAT_MUMMY,Mummy,
MONSTER_CAT_NOSFERATUS,Nosferatu,
MONSTER_CAT_PSYCHOPATH,Psychopath,
MONSTER_CAT_PUMPKIN_HEAD,Pumpkinhead,
MONSTER_CAT_SKELETON,Skeleton,
MONSTER_CAT_SUCCUBUS,Succubus,
MONSTER_CAT_TYRE,Tire,
MONSTER_CAT_VAMPIRE_DRACULA,Dracula,
MONSTER_CAT_WEREWOLF,Werewolf,
MONSTER_CAT_ZOMBIE,Zombie,
MONSTER_CLOSING_DOOR,Close door,
MONSTER_CLOWN_BLOODY_LAUGH,Bloody Laugh,
MONSTER_CLOWN_SCARY_JOKE,Scary Joke,
MONSTER_CURE_POISON,Curing cocktail,
MONSTER_CURSE,Curse,
MONSTER_DESC_CLOWN,"Do yourself a favor, laugh at his joke.",
MONSTER_DESC_DR_FRANKENSTEIN,Dr. Frankenstein seeks forbidden practices.,
MONSTER_DESC_DRACULA,Dracula is a stealthy creature. He likes to live in a nice and elegant room without any light. Special abilities: can transform into a bat that doesn't scare victims. Can hypnotize victims to make them kill each other.,
MONSTER_DESC_FRANKENSTEIN,Frankenstein's Monster is made from the strongest body parts we can find.,
MONSTER_DESC_FREDDY,Teddy is a stone-cold killer. Needs to kill often. Special attack: nightmare.,
MONSTER_DESC_GAZ_MASTER,"Toxin Master. Over the years, he injected himself with all known toxins. It rendered him immune to any kind of poison.\nHe likes to use homemade gas grenades.",
MONSTER_DESC_MEDUSA,Medusa has live snakes in place of hair. One look at her face can turn you into stone.,
MONSTER_DESC_MUMMY,Mummies are hard workers. They are fast and need little food. Special attack: none.,
MONSTER_DESC_NOSFERATUS,Nosferatu is an old German vampire with long claws. He likes to spread pestilence during his free time.\nPowerful vampire that enjoys physical attacks.,
MONSTER_DESC_PSYCHOPATH,Psychopaths can be equipped with all kinds of weapons. Be aware that they bite even if they say they don't.,
MONSTER_DESC_PUMPKIN_HEAD,"Pumpkinheads are average evil workers. They like to play with fire.\nTheir attack has a large range, they are useful when fighting groups of victims.",
MONSTER_DESC_SUCCUBUS,An essence-draining demon who knows how to spread the love.,
MONSTER_DESC_SKELETON,"Skeletons are weak, but easy to repair.\nHe uses his own bones to attack. He is resilient and can fix himself by eating the bones he takes from victims.",
MONSTER_DESC_TYRE,A tire with psychic powers. Need we say more?,
MONSTER_DESC_WEREWOLF,Werewolves are strong and can kill in a single attack but they are almost always angry. Special ability: a spine-chilling howl that freezes victims with fear.,
MONSTER_DESC_ZOMBIE,"Zombies are slow, but they don't need a lot of food. You can grow your team with this special ability: infected bite.",
MONSTER_EARTHQUAKE,Earthquake,
MONSTER_GAZ_GRENADE,Gas grenade,
MONSTER_GOTO,Go to,
MONSTER_GOTO_AND_STAY,Go to,
MONSTER_GOTO_HIDE,House camouflage ,
MONSTER_GOTO_HIDE_EXTRA_INFO,Go to position and hide during [TIME_HOUR] hours,
MONSTER_GRAB,Grab your enemy,
MONSTER_HIDE,Hide,
MONSTER_HOWL,Werewolf howl,
MONSTER_HYPNOTIZE,Hypnotized,
MONSTER_INFECT,Infect a victim,
MONSTER_INFECT_ZOMBIE,Turn a victim into an inferior zombie,
MONSTER_JUMP_INFECT,Jump and infect,
MONSTER_JUMP_ZONE,Jump range,
MONSTER_LOCK_THE_DOOR,Lock door,
MONSTER_NEURO_GAZ_GRENADE,Bomb of neurotoxic gas,
MONSTER_OPENING_DOOR,Open door,
MONSTER_PANEL_ATTRIBUT,Ability,
MONSTER_PANEL_CARACTERISTIC,Info,
MONSTER_PANEL_DAILY_FOOD,Food per day:,
MONSTER_PANEL_FIGHT,Fight,
MONSTER_PANEL_MONSTER_TYPE,Type,
MONSTER_PANEL_NEEDS,Loyalty,
MONSTER_PANEL_RESISTANCE,Resistance,
MONSTER_PANEL_SKILLS,Job,
MONSTER_PANEL_STATUS,Info,
MONSTER_PANEL_TASK,Jobs,
MONSTER_PANEL_TRAITS,Traits,
MONSTER_PANEL_WALKING_SPEED,Walking speed,
MONSTER_PSYCHIC_NEURO_BLEED,Bleeding psychic attack,
MONSTER_PSYCHIC_NEURO_MIND,Psychic attack affecting the mind,
MONSTER_PUMPKIN_GRENADE,Incendiary Pumpkin grenade,
MONSTER_PUMPKIN_SPIT_FIRE,Circle of fire,
MONSTER_SEQUEL_EXTRA_LIFE_ENOUGH_EVIL_POINT,Make your minion return for the sequel. Use [EVILPOINT] Evilium.,
MONSTER_SEQUEL_EXTRA_LIFE_NOT_ENOUGH_EVIL_POINT,You need [EVILPOINT] Evilium to revive your minion for the sequel. You don't have enough.,
MONSTER_SEQUEL_EXTRA_LIFE_TITLE,Come Back for the Sequel,
MONSTER_STITCH,Stitches body parts back on,
MONSTER_SUCCUBUS_LIFE_STEAL,Sucks life,
MONSTER_SUCCUBUS_REDISTRIBUTE,Offering life essence,
MONSTER_SYRINGE_COCKTAIL,Surprise syringe,
MONSTER_SYRINGE_HEAL,Healing syringe,
MONSTER_SYRINGE_HURT,Death syringe,
MONSTER_TAUNT,Taunt,
MONSTER_THROW_AXE,Throw machete,
MONSTER_THROW_AXE_ZONE,Throw machete zone,
MONSTER_THROW_MULTIPLE_AXE,Throw several machetes,
MONSTER_THROW_SPIDER_WEB,Throw a spiderweb,
MONSTER_UNHIDE,Unhide,
MONSTER_UNLOCK_DOOR,Unlock door,
MONSTER_WEREWOLF_TRANSFORM_1,Full-moon werewolf,
MONSTER_WEREWOLF_TRANSFORM_2,Blood-moon werewolf,
MOOD_BAD_EVILNESS_INFO,The rooms I walk through do not look evil enough,
MOOD_BAD_PRESTIGE_INFO,The rooms I walk through are not fancy enough,
MOOD_CUT_MONSTER_FOR_FOOD_INFO,Had to butcher another minion,
MOOD_EAT_RAW_FOOD_INFO,Ate raw food,
MOOD_EAT_ROTTEN_FOOD_INFO,Ate rotten food,
MOOD_EAT_WITHOUT_TABLE_INFO,Ate without a table,
MOOD_EQUIPEMENT_BOOST_1_INFO,Looks cool with this piranha fossil,
MOOD_EQUIPEMENT_BOOST_2_INFO,Looks cool with this shrunken head,
MOOD_EQUIPEMENT_REDUCE_1_INFO,This meteorite makes me feel strange,
MOOD_FOOD_COOKED_MEAL_INFO,Ate a cooked meal,
MOOD_FOOD_EAT_FUNNY_MUSHROOM_INFO,Ate a funny mushroom,
MOOD_FOOD_HUNGRY_INFO,Is hungry,
MOOD_FOOD_STARVING_INFO,Is starving,
MOOD_FOOD_VERY_HUNGRY_INFO,Is very hungry,
MOOD_GOOD_EVILNESS_INFO,The environnement I walk through looks really evil,
MOOD_GOOD_PRESTIGE_INFO,The rooms I walk through are very fancy,
MOOD_HURT_INFO_1,Is severly wounded,
MOOD_HURT_INFO_2,Has been severly wounded for a while,
MOOD_HURT_INFO_3,Has been severly wounded for too long,
MOOD_KILL_HUNTER_INFO,Has just killed a hunter,
MOOD_KILL_VICTIM_INFO,Has just killed a victim,
MOOD_NEWLY_HIRE_INFO_1,Freshly hired,
MOOD_NEWLY_HIRE_INFO_2,Recently hired,
MOOD_NEWLY_HIRE_INFO_3,Was hired a little while ago,
MOOD_NEWLY_HIRE_INFO_4,Was hired a while ago,
MOOD_NOT_ENOUGH_SLEEP_INFO_1,Doesn't sleep enough,
MOOD_NOT_ENOUGH_SLEEP_INFO_2,Hasn't slept enough in a while,
MOOD_NOT_ENOUGH_SLEEP_INFO_3,Hasn't slept enough for a long time,
MOOD_NOT_MONSTER_SAME_TYPE_IN_TEAM_INFO,No other minion of the same type in your team,
MOOD_OK_EVILNESS_INFO,The rooms I walk through look a little evil,
MOOD_OK_PRESTIGE_INFO,The rooms I walk through are just fancy enough.,
MOOD_ONE_MONSTER_SAME_TYPE_IN_TEAM_INFO,Lives with another minion of the same type,
MOOD_OTHER_MONSTERS_SAME_TYPE_IN_TEAM_INFO,Lives with several minions of the same type,
MOOD_SAW_HUNTER_DIE_INFO,Saw a hunter die,
MOOD_SAW_MONSTER_DIE_INFO,Saw a friendly minion die,
MOOD_SAW_VICTIM_DIE_INFO,Saw a victim die,
MOOD_SLEEP_ON_GOOD_BED_INFO,Slept on a good bed,
MOOD_SLEEP_ON_GROUND_INFO,Slept on floor for too long,
MOOD_SLEEP_ROOM_CROWDED_INFO,Sleep disturbed by other minions entering my room,
MOOD_SLEEP_WAKE_UP_FORCED_INFO,Sleep interrupted,
MOOD_SLIGHTLY_HURT_INFO_1,Is a little bit wounded,
MOOD_SLIGHTLY_HURT_INFO_2,Has been a little wounded for a while,
MOOD_SLIGHTLY_HURT_INFO_3,Has been a little wounded for too long,
MOOD_TRAITS_EASY_GOING,Easygoing nature,
MOOD_TRAITS_RELAXED,Relaxed nature,
MOOD_TRAITS_SMART_ASS_INFO,Is a smartass,
MOOD_TRAITS_STRESSED,Stressed nature,
MOOD_WORST_EVILNESS_INFO_1,Argh! The environnement I walk through doesn't look evil,
MOOD_WORST_EVILNESS_INFO_2,The rooms I walk through have not looked evil for a while,
MOOD_WORST_EVILNESS_INFO_3,The rooms I walk through have not looked evil for a long time,
MOOD_WORST_PRESTIGE_INFO_1,The rooms I walk through are not fancy at all,
MOOD_WORST_PRESTIGE_INFO_2,The rooms I walk through have not looked fancy for a while,
MOOD_WORST_PRESTIGE_INFO_3,The rooms I walk through are not fancy at all and have not been improved for a while,
MOUSE_BUILD_HERE,Build here,
MOUSE_CANCEL,Cancel,
MOUSE_DROP_DOWN_MENU,Drop-down Action menu,
MOUSE_EXIT_MODE,Exit mode,
MOUSE_ROTATE,Rotate,
OBJECT_BUILT_CANCEL,Cancel construction,
OBJECT_BUILT_DISASSEMBLE,Disassemble,
OBJECTIVE_BUILD_MONSTER_BED,Build a bed for your minions.,
OBJECTIVE_BUILD_MONSTER_BED_MORE_INFO,Be a good host: every minion has a preferred bed!,
OBJECTIVE_BUILD_RED_DOOR_ROOM,Build your first room with a red front door.,
OBJECTIVE_BUILD_RED_DOOR_ROOM_MORE_INFO,The red front door is shiny and classy. Victims will use this door to enter the mansion.,
OBJECTIVE_PUBLISH_ADVERT,Attract victims inside your mansion.,
OBJECTIVE_PUBLISH_ADVERT_MORE_INFO,What better way to attract victims than advertising? Start by publishing ads in the newspaper; then build a printing press to publish your own newspaper!,
PAUSE,Pause\npress SPACE to unpause,
PHONE_MERCHANT_ALREADY_COMING,A merchant is already coming soon.,
PHONE_MERCHANT_HOMESERVICE,Call the merchants' home service. For a fee they will come in [NBDAY] days.,
PHONE_JAMMED,Phone call jammed,
PLACE_OBJECT_IN_CRATE,Place the object,
POISONED,Poisoned,
POWER_AREA_RANGE,Effect area radius,
POWER_CLOSE_COMBAT,Melee attack,
POWER_COOL_DOWN,Cool down,
POWER_COUNT_DOWN,after a countdown of [TIME],
POWER_DELAY,Delay,
POWER_DISTANCE,Range,
POWER_EFFECT_ON_SELF,Effect on self:,
POWER_FAILED,The power failed to be invoked,
POWER_LEVEL,Level [NBLEVEL],
POWER_LOCKED,Power locked. Gain fighting experience to unlock this power.,
POWER_PROJECTILE,Projectile range,
POWER_PSYCHIQUE,Psychic range,
POWER_SELF,Effect(s) on self,
POWER_SIMULTANIOUSLY,This power can't be used when [POWER_NAME] is active.,
POWER_UPGRADE,Power upgrade:,
POWER_UPGRADE_ATTRIBUT_ENDURANCE,Endurance increased by [FACTOR_INCREASE]%,
POWER_UPGRADE_COOL_DOWN,Cool down time reduced by [FACTOR_DECREASE]%,
POWER_UPGRADE_CURSE_DURATION,Increase the curse duration to [DURATION_CURSE] seconds.,
POWER_UPGRADE_CURSE_FACTOR,The curse multiplies physical damage [FACTOR_INCREASE]%,
POWER_UPGRADE_DAMAGE,Increase power damage to [TOTAL_POINT],
POWER_UPGRADE_EFECT_DURATION,Increase effect duration by [FACTOR_INCREASE]%,
POWER_UPGRADE_EFFECT,Add the effect:,
POWER_UPGRADE_EFFECT_SUCCESS,Increase the chance of sucess of the [EFFECT_NAME] effect to [PERCENTAGE]%,
POWER_UPGRADE_HEAL,Heal effect increased by [PERCENTAGE]%,
POWER_UPGRADE_INFECT_CHANGE_TRAITS,[MONSTER_TYPE] will get the following traits: [TRAITS_NAME] ([TRAITS_DESC]),
POWER_UPGRADE_RANGE,Range increased by [FACTOR_INCREASE]%,
POWER_UPGRADE_RANGE_EFFECT,Size of area affected increased by [FACTOR_INCREASE]%,
POWER_UPGRADE_STAMINA,Reduce the quantity of stamina used by [REDUCE_PERCENTAGE]%,
POWER_UPGRADE_WEAPON_COOLDOWN,Weapon cooldown factor will be reduced by [FACTOR_SET]%,
PRESTIGE_AVERAGE,Average prestige of room walked through during the day:\n[AVERAGE_PRESTIGE]\n\nThreshold :\n[F_BAD_PRESTIGE]\n[F_OK_PRESTIGE] \n[F_GOOD_PRESTIGE],
PRESTIGE_LEVEL,Prestige: [PRESTIGE_LEVEL],
PRIORITY_SET_SUB,Set the sub priority of <color=#9f1010>ALL [OBJECT_JOB_NAME]</color> in the job of <color=#9f1010>[JOB_GROUP_NAME]</color>,
RANK_MAX,Max rank,
RANK_NEW_RANK,You've been promoted to Rank [RANKLEVEL] by the League of Villains!,
RANK_NEW_REWARD,Next rank reward:,
RANK_NEXT,Next rank:,
RANK_OBJECTIVE_NEXT_RANK,Objectives to meet for a promotion to the next rank in the League of Villains.,
RANK_OBJECTIVES_BUILD_CLOSED_ROOM,Build [NBROOM] closed room(s).,
RANK_OBJECTIVES_BUILD_ROOM_TYPE,Build [NBROOM] closed room(s) of type [ROOMTYPE].,
RANK_OBJECTIVES_DONE,Done,
RANK_OBJECTIVES_FOOD_STOCK,[NBDAYS] days of food for your minions.,
RANK_OBJECTIVES_KILL_VICTIMS,Kill [KILL] victim(s).,
RANK_OBJECTIVES_MONSTER_LOYALTY,Loyalty level above [LOYALTYLEVEL] for all your minions.,
RANK_OBJECTIVES_NOT_DONE,Not done,
RANK_OBJECTIVES_SURVIVE_DAYS,Survive [NBDAYS] days.,
RANK_REWARD_GOODS,The League of Villains rewards you with [GOODS].,
RANK_REWARD_MONSTER_SLOT,Unlocking a slot in your team for a new minion.,
RANK_REWARD_NEW_MONSTER,Minions have heard about your promotion and want to join you !,
RANK_REWARD_TITLE,The League of Villains rewards you with:,
RESEARCH,Research,
RESEARCH_BROOM_DESC,Lets you collect the blood you cleaned.,
RESEARCH_BROOM_TITLE,Broom of doom,
RESEARCH_CHEMISTRY_DESC,Make potions to heal or boost your minions.,
RESEARCH_CHEMISTRY_TITLE,Chemistry,
RESEARCH_EVIL_AXE_DESC,Lets you cut evil trees without getting hurt.,
RESEARCH_EVIL_AXE_TITLE,Demonic axe,
RESEARCH_FOOD_GO_BAD_DESC,Use a traditional smokehouse to preserve the food.,
RESEARCH_FOOD_GO_BAD_TITLE,Preserve your food,
RESEARCH_HEALING_DESC,Use the healing pod when a minion is wounded. Needs another minion to operate it.,
RESEARCH_HEALING_TITLE,Healing Pod,
RESEARCH_PICKAXE_DESC,Dig through the rock faster ([SPEED] speed increase).,
RESEARCH_PICKAXE_TITLE,Demonic pickaxe,
ROOM_CLOSED,Room closed,
ROOM_OPENED,Room not closed,
ROOM_TYPE_COMMUNICATION,Home office,
ROOM_TYPE_CORRIDOR,Hall,
ROOM_TYPE_FACTORY,Factory,
ROOM_TYPE_INCANTATION,Incantation,
ROOM_TYPE_LABORATORY,Laboratory,
RULES_DOG,Rule #5: Don't kill the dog.,
RULES_KILL_ALONE,Rule #2 : Kill them when they are alone.,
RULES_KILL_THEM_ALL,Rule #1: Kill them all!,
RULES_VIRGINS,Rule #3: Kill the virgin last.,
SANDBOX_TITLE,Sandbox,
SANDBOX_MAPSIZE,Map Size,
SANDBOX_GOLD,Gold,
SANDBOX_METAL,Metal,
SANDBOX_TREE,Trees,
SANDBOX_SPIDERNEST,Spider Nests,
SANDBOX_HUNTERATTACK,Hunter Attacks,
SANDBOX_BADEVENT,Bad Events,
SANDBOX_HUNTERATTACK_DAYS,Days Between Hunter Events,
SANDBOX_BADEVENT_DAYS,Days Between Bad Events,
SANDBOX_LOYALTYBONUS,Loyalty Bonus,
SANDBOX_FOGOFWAR,Fog Of War,
SAVE_MAP,Save level,
SCENARIO,Scenario,
SCENARIO_PROGRESSIVE,Progressive,
SCENARIO_RANDOM,Random,
SETTING_AUTOSAVE_MAX,Auto Save Max,
SETTING_AUTOSAVE_FREQUENCY,Auto Save Frequency,
SETTING_CREDIT,Credits,
SETTING_EXIT,Exit to Desktop,
SETTING_GO_MAIN_MENU,Go to main menu,
SETTING_HELP_BEGIN,First play Help,
SETTING_LANGUAGE_ENGLISH,English,
SETTING_LANGUAGE_FRENCH,French,
SETTING_LANGUAGE_GERMAN,German,
SETTING_LANGUAGE_RUSSIAN,Russian,
SETTING_LOAD,Load,
SETTING_LOAD_SELECTI_A_FILE,You must select a file to load.,
SETTING_MAIN_MENU,Main menu,
SETTING_MUSIC_VOLUME,Music,
SETTING_PROGRESSION_LOST,Your progression will be lost. Are you sure?,
SETTING_RESTART,Restart,
SETTING_RESTART_DEMO,Restart demo,
SETTING_RESTART_LANGUAGE_SWITCH,Changes will take effect when you restart the game.,
SETTING_SAVE,Save,
SETTING_SAVE_EREASE_FILE,A saved file with this name already exists. Replace it?,
SETTING_SCREEN_SHAKING,Screen shaking,
SETTING_SCREEN_VIGNETING,Screen vignetting FX,
SETTING_SOUND_VOLUME,Sound effect,
SETTING_VSYNCH,Screen Vsych,
SHIELD,Shield,
SHOP_BUY,Buy,
SHOP_BUY_ITEM,Buy items,
SHOP_BUY_MONSTER,Buy minions,
SHOP_COUNT,Quantity,
SHOP_ITEM,Items,
SHOP_PLAYER_MONEY,Your money:,
SHOP_PRICE,Price,
SHOP_QUANTITY_AVAILABLE,Available,
SHOP_SELL,Sell,
SHOP_SELL_ITEM,Sell items,
SHOP_TOTAL,Total:,
SIGN_EVIL_CONTRACT,You killed your first victim. Your contract of evilness is ready. We just need your signature with certified human blood ink and you will be good to go.,
SKIP,Skip,
SLOWDOWN,Slow down,
SPEEDUP,Accelerates walking speed,
STORAGE_PANEL_TITLE,Storage,
STORAGE_SELECT_ALL_TYPE,All,
STORAGE_SELECT_NONE_TYPE,None,
STORAGE_SELECT_TYPE_DESCRIPTION,Select type of object stored,
SUB_PRIORITY_HIGH,High,
SUB_PRIORITY_LOW,Low,
SUB_PRIORITY_NORMAL,Normal,
SUB_PRIORITY_VERY_HIGH,Very high,
SUB_PRIORITY_VERY_LOW,Very low,
SUSPICION_NB_VICTIMS_BONUS,Low Suspicion\n[PERCENTAGE] victims,
SUSPICION_NB_VICTIMS_MALUS,High Suspicion\n[PERCENTAGE] victims,
SUSPICION_OK,Suspicion level OK,
SUSPICION_VILLAGER_ATTACK,Villagers are aware of your murderous activities!,
TASK_EXPERIENCE_TO_NEXT_LEVEL,XP to next level:,
TASK_GROUP_TYPE_BUILD,"Build floors, walls, furniture, etc.",
TASK_GROUP_TYPE_COMMUNICATION,"Write letters, print newspapers, surf the internet. Needs a Home Office.",
TASK_GROUP_TYPE_COOKING,Cook or smoke food,
TASK_GROUP_TYPE_CUTTING_WOOD,Chop wood,
TASK_GROUP_TYPE_DIGGING,Dig into the rock,
TASK_GROUP_TYPE_FACTORY,Make objects or furniture,
TASK_GROUP_TYPE_FIRE,Extinguish Fire,
TASK_GROUP_TYPE_GATHERING_RESSOURCE,Collect resources (mushrooms...),
TASK_GROUP_TYPE_INVOCATION,Perform invocations and sacrifices. Needs an Invocation Room.,
TASK_GROUP_TYPE_LABORATORY,"Research items, heal minions, etc. Needs a Research Room.",
TASK_GROUP_TYPE_MAINTENANCE,"Clean blood, repair damages, etc.",
TASK_GROUP_TYPE_ROOM,Room:,
TASK_GROUP_TYPE_STORE_RESSOURCES,Bring resources to storage.,
TASK_GROUP_TYPE_FEED,Minion can feed themselves.,
TASK_GROUP_TYPE_SLEEP,Minion can to go to bed.,
TASK_GROUP_TYPE_TITLE_BUILD,BUILD,
TASK_GROUP_TYPE_TITLE_COMMUNICATION,HOME OFFICE,
TASK_GROUP_TYPE_TITLE_COOKING,KITCHEN,
TASK_GROUP_TYPE_TITLE_CUTTING_WOOD,CHOP WOOD,
TASK_GROUP_TYPE_TITLE_DIGGING,DIG INTO THE ROCK,
TASK_GROUP_TYPE_TITLE_FACTORY,FACTORY,
TASK_GROUP_TYPE_TITLE_FIRE,EXTINGUISH FIRE,
TASK_GROUP_TYPE_TITLE_GATHERING_RESOURCE,COLLECT PLANTS,
TASK_GROUP_TYPE_TITLE_INVOCATION,INCANTATION,
TASK_GROUP_TYPE_TITLE_LABORATORY,LABORATORY,
TASK_GROUP_TYPE_TITLE_MAINTENANCE,MAINTENANCE,
TASK_GROUP_TYPE_TITLE_STORE_RESSOURCES,STORE RESOURCES,
TASK_GROUP_TYPE_TITLE_FEED,FEED,
TASK_GROUP_TYPE_TITLE_SLEEP,SLEEP,
TASK_IMPROVE,Gain a level at job : [JOB_NAME],
TASK_PRIORITY_DIRECTION,Priority,
TASK_PRIORITY_HIGH,High,
TASK_PRIORITY_LOW,Low,
TASK_STAR_HELP,The number of stars \nshows how good a minion is at that particular job.,
TASK_TOKEN,This is where you assign jobs to your minion.\nYour minions can only be assigned a limited number of jobs at any given time.\nUse the arrow below the job icon to change that job's priority.,
TASK_TOKEN_TITLE,Available Jobs,
TECH_LOCKED,Locked,
THROW_UP,Throws up,
TRAITS_ADRENALIN_JUNKY,Coffee maniac,
TRAITS_BLEED_RESIST,Hard skin,
TRAITS_DESC_BLEED_RESIST,Bleeding resistance [VALUE1].,
TRAITS_DESC_COMMUNICATION,HOME OFFICE skill  [VALUE1].,
TRAITS_DESC_DECAYING,Lose [VALUE1] life point(s) per day as long as life level is above [VALUE2] of the maximum life.,
TRAITS_DESC_DECAYING_TO_DEATH,Lose [VALUE1] life point per day until dying a second time.,
TRAITS_DESC_DODGE_CLOSE_COMBAT,Dodging during melee attack increased by [VALUE1].,
TRAITS_DESC_DODGE_RANGE_COMBAT,Dodging during range attack increase by [VALUE1].,
TRAITS_DESC_EAT_RATIO,Food eaten per day [VALUE1].,
TRAITS_DESC_IMMUNE_FIRE,Fire resistant [VALUE1].,
TRAITS_DESC_LABORATORY,LABORATORY skill  [VALUE1].,
TRAITS_DESC_LOYALTY,Loyalty [VALUE1].,
TRAITS_DESC_MAX_LIFE,Maximum life [VALUE1].,
TRAITS_DESC_MORE_TOKEN,Increases by [VALUE1] the maximum number of jobs this minion can have.,
TRAITS_DESC_POISON_RESISTANCE,Poison resistant [VALUE1].,
TRAITS_DESC_SKELETON,Lose [VALUE1] life point(s) with each bone thrown during an attack. \nGain [VALUE2] with each bone eaten.,
TRAITS_DESC_SLEEP_HOUR,Sleep duration [VALUE1].,
TRAITS_DESC_STAMINA,Maximum stamina [VALUE1].,
TRAITS_DESC_STARVING_DIEING,Dying from hunger. Will lose life points until death.,
TRAITS_DESC_SUN_BRUN,Loses [VALUE1] point(s) of life every [HOUR] hour(s) when not in a closed room.\nCan catch fire. ,
TRAITS_DESC_WEAPON_COOLDOWN,Attacks using a weapon will have a cooldown reduce by [VALUE1]%.,
TRAITS_DESC_NOT_SCARY,Not scary (doesn't scare victims).,
TRAITS_DESC_WALKING_SPEED,Walking speed [VALUE1].,
TRAITS_DODGE_CLOSE_COMBAT,Black cat reflex,
TRAITS_DODGE_RANGE,Dodgeball expert,
TRAITS_DYING_DECAY,Waits for his second death,
TRAITS_EASY_GOING,Easygoing nature,
TRAITS_FIRE_PROOF,Fireproof,
TRAITS_FIRE_RESISTANT,Pyromaniac,
TRAITS_HARD_DECAYING,Worm food,
TRAITS_IMMUNE_SLOW_DOWN_GROUND,Off-road feet,
TRAITS_IMMUNE_SLOW_DOWN_GROUND_DESC,Walking speed not affected by ground type,
TRAITS_LIFE_FOOD,Fat is life,
TRAITS_LIGHT_DECAYING,Light decaying,
TRAITS_LIGHT_FEET,Quick feet,
TRAITS_MAX_LIFE_FULL,Late for its death,
TRAITS_MULTITASK,Brain tumor,
TRAITS_POISON_BLEED,Street rat,
TRAITS_POISON_RESIST,Rasputin trainee,
TRAITS_RELAXED,Relaxed nature,
TRAITS_SKELETON,Made of bones,
TRAITS_SMALL_STOMACH,Intestinal fortitude,
TRAITS_SMART_ASS,Smartass,
TRAITS_STAMINA,Energy bunny,
TRAITS_STARVING_DIEING,Dying from hunger,
TRAITS_STRESSED,Stressed nature,
TRAITS_SUN_BRUN,Sunburns,
TRAITS_WEAPON_COOLDOWN,Weapon adept,
TRAITS_WALKING_EAT,Power walk,
TRAP_TURNING_WALL_BLOCKED,Malfunction: destination blocked,
UI_VIDEO_ANY_KEY,Press any key to start,
USER_ALERT_NEW_FIGHT_LEVEL,Your minion's fighting skill has moved up a level,
USER_ALERT_NEW_FIGHT_LEVEL_DESC,Distribute skill points in <color=#9f1010>FIGHT</color> tab in its information panel.,
USER_MESSAGE_ASSIGN_TASK,Assign jobs to your minion,
USER_MESSAGE_ASSIGN_TASK_CHOP_WOOD,"Assign the job ""chop wood"" to at least one of your minions",
USER_MESSAGE_ASSIGN_TASK_CHOP_WOOD_MORE_INFO,"Your minions are waiting for your orders. Use the <color=#9f1010>JOBS menu</color> to assign the job <color=#9f1010>""Chop Wood""</color> to one or more minions.",
USER_MESSAGE_ASSIGN_TASK_MORE_INFO,Your minions are waiting for your orders. Select the <color=#9f1010>JOBS</color> menu to give them jobs.,
USER_MESSAGE_BASIC_BENCH,Basic workshop in a FACTORY room.,
USER_MESSAGE_BASIC_BENCH_MORE_INFO,Build a basic bench in a room of type FACTORY to craft everything you need to make a good start to your evil empire.,
USER_MESSAGE_BASIC_CONTROLE_MORE_INFO,- Use the arrows or <color=#9f1010>WASD</color> keys to pan the camera\n\n- <color=#9f1010>MOUSE WHEEL</color> to zoom in or out.\n\n- You can accelerate time with the speed buttons <color=#9f1010>> >> >> </color>in the top right corner.\n\n- <color=#9f1010>SPACE</color> will pause or resume your game.,
USER_MESSAGE_BASIC_CONTROLS,Basic Controls,
USER_MESSAGE_BASIC_HELP,Extra Instructions,
USER_MESSAGE_BASIC_HELP_INFO,The League of Machiavellian Villains gave you basic instructions. Take a look at them by clicking on the <color=#9f1010>Startup guide</color> button at the bottom right or die in excruciating pain.,
USER_MESSAGE_BUILD_PRESS,Build a writing desk in a HOME OFFICE.,
USER_MESSAGE_BUILD_PRESS_MORE_INFO,"Lure victims inside your mansion so the minions can kill and eat them.\nBuild a writing desk in an empty room: in the <color=#9f1010>CONSTRUCTION</color> menu, choose <color=#9f1010>HOME OFFICE</color> and check that at least one minion is given the job to <color=#9f1010>BUILD</color>.\n",
USER_MESSAGE_BUILD_ROOM,Build a room.,
USER_MESSAGE_BUILD_ROOM_MORE_INFO,"Build the biggest evil mansion of all time! Select the <color=#9f1010>BUILD</color> menu to build floors, walls and doors. And remember to get your minions to 'build' in the <color=#9f1010>JOBS</color> menu.",
USER_MESSAGE_CRAFT_LETTER,Craft a letter with the Writing Desk.,
USER_MESSAGE_CRAFT_LETTER_MORE_INFO,Now that you have a Home Office and a Writing Desk you are just two steps away from sending letters to attract victims!\n\nStep 1 - Set the number of letters you want to write by left-clicking on the <color=#9f1010>Writing Desk</color>  (or can select INFINITE for continuous writing)\nStep 2 - Assign the job of writing letters to a minion in the <color=#9f1010>JOBS</color>  menu\n\nLook at the next tips to learn how to send advertising with these letters.,
USER_MESSAGE_EVIL_TREE,Evil trees attacking your minions !,
USER_MESSAGE_EVIL_TREE_INFO,"Evil trees will defend themselves when minions try to cut them down.\n\nTo protect your minions and allow them to cut down evil trees without getting harmed, you need to research the Demonic Axe using the Research Bench.",
USER_MESSAGE_EXTRA_FOOD,Emergency food.,
USER_MESSAGE_EXTRA_FOOD_INFO,"Your minions are hungry and the Head Office has dispatched a special delivery to tide them over ... but it is your responsibility to manage your minions so that they provide for themselves! Build at least one Home Office with at least one Writing Desk, and assign a minion to write the letters that will attract victims to your mansion.",
USER_MESSAGE_FOOD_PERICHING,Food is starting to spoil.,
USER_MESSAGE_FOOD_PERICHING_MORE_INFO,A means of preserving that ghastly food is urgently required. \nStore your food in a fridge or smoke your food with a smoker.,
USER_MESSAGE_GATHER_RESOUCRE,Harvest resources.,
USER_MESSAGE_GATHER_RESOUCRE_MORE_INFO,"In order to build your mansion and take care of your minions, you need to harvest resources. \nIn the <color=#9f1010>RESOURCES</color> menu, select the type of resources you want to collect; then in the <color=#9f1010>JOBS</color> menu check that at least one minion is assigned the job of collecting that resource.",
USER_MESSAGE_HERO,Heroes are coming.,
USER_MESSAGE_HERO_INFO,"Heroes have heard about your felonies. They are coming to get you!\n\nThe heroes will leave once they've killed a certain number of minions or after searching the manor for a while. \nThe minions can attack the heroes, but beware ... they will fight back!",
USER_MESSAGE_LOOK_MESSAGE,Follow the instructions from the Machiavellian League of Villains.,
USER_MESSAGE_LOOK_MESSAGE_MORE_INFO,Click on the messages from the  Machiavellian League of Villains to help you do your evil deeds.\n\nMessage will go to the <color=#9f1010>ARCHIVES</color> (Button at Lower Right of the screen).,
USER_MESSAGE_MERCHAND,Merchant on the road.,
USER_MESSAGE_MERCHAND_MORE_INFO,"Watch out for the merchant's truck. Click on it before it leaves to enter the shop. Some merchants sell goods, others sell minions. You can also sell your goods or minions for gold coins. ",
USER_MESSAGE_MONSTER_NEAR_DEATH,Warning: One of your minions is close to death.,
USER_MESSAGE_MONSTER_NEAR_DEATH_MORE_INFO,The life of one of your minions is low.,
USER_MESSAGE_MONTER_ANGRY_SOON,Angry minion.,
USER_MESSAGE_MONTER_ANGRY_SOON_MORE_INFO,"The loyalty level of one of your minions is low and they are getting angry! Look at the loyalty tab in the minion info panel to see what they want.\n\nIf they stay angry for too long, they will refuse to obey your orders, cause damage to the mansion and eventually leave.\n",
USER_MESSAGE_MORE_INFO,(click for more),
USER_MESSAGE_NEED_BUTCHER_TABLE,Needs a butcher's table.,
USER_MESSAGE_NEED_BUTCHER_TABLE_MORE_INFO,"Every minion has their favorite food — brains, meat or blood — but you need to build a butcher's table to prepare the tasty victim's dead body before the minions can eat it.",
USER_MESSAGE_NEED_FOOD,Your minions need food!,
USER_MESSAGE_NEED_FOOD_MORE_INFO,"Your minions need food. You need to attract victims to kill them, or buy food from the Minion Merchant but remember that each minion likes a particular type of food.",
USER_MESSAGE_NEED_SLEEP,One of your minions needs to sleep!,
USER_MESSAGE_NEED_SLEEP_MORE_INFO,"Minions need their beauty sleep! Check that nothing gets in the way of a good night's sleep: good beds, quiet rooms, uninterrupted nights ...",
USER_MESSAGE_NEED_VICTIM_DOOR,Need a red door.,
USER_MESSAGE_NEED_VICTIM_DOOR_MORE_INFO,The red front door is shiny and classy. Victims will use this door to enter the mansion.,
USER_MESSAGE_RANK,Rise to the top of the League of Villains.,
USER_MESSAGE_RANK_MORE_INFO,"You can <color=#9f1010>climb up in the league of Villains</color>, if you follow the <color=#9f1010>objectives</color> displayed in the rank box.\nExpect a <color=#9f1010>reward</color> from the league of Villains with each promotion.",
USER_MESSAGE_RESEARCH_DONE,The research has been completed for the ,
USER_MESSAGE_ROAD_OPENING,Road opening soon.,
USER_MESSAGE_ROAD_OPENING_MORE_INFO,Road opening soon. Be prepared to welcome all those victims!,
USER_MESSAGE_SELECT_ADVERTISEMENT,Select an ad campaign.,
USER_MESSAGE_SELECT_ADVERTISEMENT_MORE_INFO,"<color=#9f1010>Select an advertisement campaign</color> to lure victims inside your mansion, and slaughter them!\n\nDon't forget to craft some <color=#9f1010>letters</color> needed for the advertisement with the <color=#9f1010>writing desks</color> and a minion assigned to the job <color=#9f1010>HOME OFFICE</color>.\n",
USER_MESSAGE_SPIDER,Imminent spider attack! ,
USER_MESSAGE_SPIDER_MORE_INFO,Giant radioactive spiders are invading your mansion. Destroy them before they destroy your minions!,
USER_MESSAGE_VICTIM_ARRIVING,Victims are coming soon.,
USER_MESSAGE_VICTIM_ARRIVING_MORE_INFO,"Victims are on their way to your mansion!\n\nVictims get frightened and run away when they see minions or any sign of minion activity, such as an unfinished room, blood on the floor...\n\nPro-tip: Hide your minions out of sight (in a closed room or behind trees) before the victims arrive. You can also stop all minion activity in the <color=#9f1010>JOBS</color>menu so your minions don't wander around.",
USER_MESSAGE_VICTIM_TO_KILL,Kill those victims !,
USER_MESSAGE_VICTIM_TO_KILL_MORE_INFO,<color=#9f1010>Select your minion</color> by clicking on it and use the <color=#9f1010>attack buttons</color> at the <color=#9f1010>bottom</color> to kill your victims!\nEach minion has special powers.,
USER_MESSAGE_VILLAGER,"Suspicion level is high, villagers are coming to get their revenge!",
USER_MESSAGE_VILLAGER_INFO,"You have let the suspicion rise very high, villagers now know all about your killing. They are coming to burn your mansion to the ground.",
UTIL_FEEDBACK_COMMENT,Comment (mandatory),
UTIL_FEEDBACK_EMAIL,Email (optional),
UTIL_FEEDBACK_NAME,Name (optional),
UTIL_FEEDBACK_OPERATION_DONE,"(You need an internet connection. It will send data with screenshot, log file and save, to help us fix the issue)",
UTIL_FEEDBACK_SENDING,"Thank you !\nSending.... Please wait, it can take a few minutes.",
UTIL_FEEDBACK_TITLE,Send Feedback,
UTIL_FEEDBACK_TITLE_BOX,Title (optional),
VICTIM,Victim,
VICTIM_TYPE_ANY,Basic victim,
VICTIM_TYPE_BANKER,Banker,
VICTIM_TYPE_DENTIST,Dentist,
VICTIM_TYPE_DOG,Dog,
VICTIM_TYPE_GEEK,Geek,
VICTIM_TYPE_SPORT,Sporty type,
VICTIM_TYPE_TOURIST,Tourist,
WALL,Furniture,
GUI_OBJECT_TITLE_MARCHAND_FOOD,Food merchant,
GUI_OBJECT_DESC_MARCHAND_FOOD,Buy and sell food for gold coins. Capitalism at its finest.,
CHARACTER_SELECTION_EXIT,Exit,
PHONE_MERCHANT_EXTRA_FEE,"Road blocked, extra fee [COST]",
EFFECT_CURED_FOOD_POISON,Food poisoning cured,
RESEARCH_PANEL_DESCRIPTION,Select next research to conduct.,
CONTEXTUAL_ACTION_TARGET_REFILL,Refill,
CONTEXTUAL_ERROR_ALREADY_REFILL,Already full,
GUI_OBJECT_DESC_TURRET_SKELETON,Spitting skeleton,
GUI_OBJECT_TITLE_TURRET_SKELETON,Send projectiles to nearby enemies.,
GUI_RESEARCH_DONE,Research Complete,
GUI_OBJECT_TITLE_LUCKY_CHARM_NECKLACE,Lucky Charm Necklace\n,
GUI_OBJECT_DESC_LUCKY_CHARM_NECKLACE,Carved bone in the shape of a four-leaf clover.,
GUI_OBJECT_TITLE_HANGMAN_NOOSE_NECKLACE,Hangman Noose necklace,
GUI_OBJECT_DESC_HANGMAN_NOOSE_NECKLACE,Death around your neck.,
GUI_OBJECT_TITLE_DEAD_FROG,Dead Frog,
GUI_OBJECT_DESC_DEAD_FROG,Stolen from a biology class or piece of roadkill. Don't remember.,
GUI_OBJECT_TITLE_LIGHTING_BALL,Lightning Ball\n,
GUI_OBJECT_DESC_LIGHTING_BALL,"Touch it, it tickles.",
CARACTERISTIC_STAMINA_INCREASE,Stamina reload speed,
GUI_OBJECT_TITLE_POLAROID,Polaroid,
GUI_OBJECT_DESC_POLAROID,Say cheese and let it suck your soul.,
PRIORITY_SET_SUB_REFILL,Set the sub priority of refilling of <color=#9f1010>ALL [OBJECT_JOB_NAME]</color> ,
CONTEXTUAL_ACTION_TARGET_TRAINING,Training,
GUI_DESTRUCTIBLE_BROKEN,Broken,
TASK_GROUP_TYPE_REFILL,Refill and reload things that need to be,
TASK_GROUP_TYPE_TRAINING,Combat training,
TASK_GROUP_TYPE_TITLE_REFILL,REFILL,
TASK_GROUP_TYPE_TITLE_TRAINING,TRAINING,
GUI_OBJECT_TITLE_TRAINING_BASIC,Training dummy,
GUI_OBJECT_DESC_TRAINING_BASIC,Training dummy that looks like victims. Perfect sparring partner to gain combat experience between fights.,
REFILL_INFO,Filling level [FILLING],
GUI_OBJECT_TITLE_BASIC_CHAIR,Basic chair,
GUI_OBJECT_DESC_BASIC_CHAIR,A chair for your minion to eat in comfortably. \nChair must be set near a table and oriented to face the table.,
GUI_OBJECT_TITLE_BASIC_TABLE,Basic dining table for one minion,
GUI_OBJECT_DESC_BASIC_TABLE,A regular dining table. Have a chair next to it.,
GUI_OBJECT_EXTRA_INFO_FIRE,Fire resistance,
RESEARCH_FOOD_GO_BAD_FRIDGE_DESC,"To keep all the nutritional value of the food, store it in a fridge.",
RESEARCH_FOOD_GO_BAD_FRIDGE_TITLE,Keep your food fresh,
RESEARCH_FIRE_HYDRANT_DESC,Fire hydrant separates dogs from their master.,
RESEARCH_FIRE_HYDRANT_TITLE,Fire Hydrant,
RESEARCH_VIRGIN_DETECTOR_DESC,Our evil scientists have developed an improved watchtower that can detect virgins.,
RESEARCH_VIRGIN_DETECTOR_TITLE,Virgin detector,
RESEARCH_INTERNET_DESC,A computer to send ad spam and lure victims inside your mansion. Can you be more evil than that ?,
RESEARCH_INTERNET_TITLE,Internet computer,
RESEARCH_WALL_FLOOR_DESC,All kinds of floors or walls to make your mansion look evil and resistant to unexpected fires.,
RESEARCH_WALL_FLOOR_TITLE,Floor and wall,
RESEARCH_DECORATION_ADVANCE_DESC,Prestigious furniture designed by Philippe Stroke will give your decor a touch of evil.,
RESEARCH_DECORATION_ADVANCE_TITLE,Evil and prestigious furniture,
RESEARCH_STOVE_DESC,"Your minions can cook good meals with this stove, including delicious meatballs. As the saying goes: Everything is good to eat in a victim.",
RESEARCH_STOVE_TITLE,Stove,
RESEARCH_SECTION_TITLE_RESOURCE,Resources,
RESEARCH_SECTION_TITLE_VITIM_RULES,Victims and Villains rules,
RESEARCH_SECTION_TITLE_FIGHT,Fight and heal,
RESEARCH_SECTION_TITLE_DECORATION_PRESTIGE,"Decoration, evilness and prestige",
RESEARCH_DONE,Done,
RESEARCH_IN_PROGRESS,In progress,
RESEARCH_UNLOCK_ITEM,Unlocked item(s),
GUI_OBJECT_TITLE_DETECTOR_SIMPLE,Watchtower,
GUI_OBJECT_DESC_DETECTOR_SIMPLE,The watchtower removes the fog of war around it. It lets you see victims and other things approaching from far.,
GUI_OBJECT_TITLE_DETECTOR_ADVANCED,Advanced watchtower,
GUI_OBJECT_DESC_DETECTOR_ADVANCED,"The watchtower not only lets you see your victims approaching from far, but also detects which one is a virgin, so there are no mistakes when you choose which order to slaughter them in.",
GUI_OBJECT_TITLE_JAMMER_SIMPLE,Mobile Phone Jammer,
GUI_OBJECT_DESC_JAMMER_SIMPLE,The Mobile Phone Jammer blocks all outgoing phone calls from nearby victims.,
MENU_TRAINING,Training,
ROOM_TYPE_TRAINING,Training,
TRAINING_XP,XP,
INCREASE_SEE_DISTANCE,increase view distance of [PERCENTAGE] ,
GUI_MOOD_VICTIM_NO_LIGHT,No light,
GUI_OBJECT_EXTRA_INFO_LIGHT,Light prevents victims from being scared of darkness and increases your minion productivity by [PRODUCTIVITY_PERCENTAGE],
LIGHT_ZONE,Light,
RESEARCH_NEED_RESEARCH_POINT,Generate more research points with Research benches.,
RESEARCH_RESEARCH_POINT,Will be unlocked as soon as enough Research points have been generated.,
RESEARCH_ENOUGH_POINT,Enough Research points can be unlocked immediately.,
TWITCH_END_VOTE,End Vote,
TWITCH_TO_VOTE,To vote type in Twitch chat:,
TWITCH_VOTES,Vote(s),
TWITCH_CHANNEL_NAME,Channel name,
TWITCH_CONNECT,Connect,
TWITCH_CONNECTING,Connecting...,
TWITCH_VIEWERS_CAN,Viewers can vote for in-game events.,
TWITCH_ENABLE_VOTING,Enable voting,
TWITCH_MINUTES_BETWEEN,Minutes between vote pools:,
TWITCH_TWITCH_SETTINGS,Twitch settings,
TWITCH_CONNECTION_SUCCESS,Twitch chat connected successfully!,
TWITCH_CONNECTION_FAIL,We cannot connect to your Twitch chat. Please check if channel name is correct and try again.,
ATTRACT_VICTIM,"Can attract a maximum of [NB_VICTIM] victim(s) of type: [VICTIMTYPE], when entering the room.",
DISTRACT_DURATION_VICTIM,Distract the victim during [HOURS] hour(s),
GUI_MOOD_VICTIM_SEE_TRAP,Saw a trap,
GUI_MOOD_VICTIM_IN_TRAP,In a trap,
GUI_OBJECT_DESC_EVILIUM,"With enough Evilium, you can revive dead minions. You must follow the horror movie rules to earn some.",
GUI_OBJECT_TITLE_EVILIUM,Evilium,
GAME_EVENT_HUNTER_GROUP_VANHELSING_PRIESTKILL_TITLE,Van Helsing attack !,
GAME_EVENT_HUNTER_GROUP_POLICEMAN_TITLE,Police Raid,
GAME_EVENT_RAIN_EASY_TITLE,A storm is coming,
GAME_EVENT_RAIN_HARD_TITLE,A big storm is coming,
GAME_EVENT_HUNTER_GROUP_2_REDNECK_TITLE,Rednecks,
GAME_EVENT_HUNTER_GROUP_3_REDNECK_PROTECT_TITLE,Rednecks,
GAME_EVENT_HUNTER_GROUP_2_REDNECK_BAT_TITLE,Rednecks,
GAME_EVENT_HUNTER_GROUP_2_REDNECK_BAT_PROTECT_TITLE,Rednecks,
GAME_EVENT_HUNTER_GROUP_3_REDNECK_SHOTGUN_TITLE,Rednecks,
GAME_EVENT_HUNTER_GROUP_3_REDNECK_DYNAMIT_TITLE,Rednecks,
GAME_EVENT_HUNTER_GROUP_1_TEMPLAR_TITLE,Templars,
GAME_EVENT_HUNTER_GROUP_2_TEMPLAR_1SHIELD_TITLE,Templars,
GAME_EVENT_HUNTER_GROUP_2_TEMPLAR_NOSHIELD_1PRIEST_TITLE,Templars,
GAME_EVENT_HUNTER_GROUP_2_TEMPLAR_NOSHIELD_1SHIELD_1PRIEST_TITLE,Templars,
GAME_EVENT_HUNTER_GROUP_3_TEMPLAR_SHIELD_1PRIEST_TITLE,Templars,
GAME_EVENT_HUNTER_GROUP_3_TEMPLAR_SHIELD_2PRIEST_TITLE,Templars,
GAME_EVENT_HUNTER_GROUP_2_SURVIVOR_TITLE,Survivor,
GAME_EVENT_HUNTER_GROUP_2_SURVIVOR_1GOLF_TITLE,Survivor,
GAME_EVENT_HUNTER_GROUP_3_SURVIVOR_GOLF_2BAT_1HELMET_TITLE,Survivor,
GAME_EVENT_HUNTER_GROUP_4_SURVIVOR_2BAT_DISK_GOLF_TITLE,Survivor,
GAME_EVENT_HUNTER_GROUP_5_SURVIVOR_2SHOTGUN_BAT_GOLF_TITLE,Survivor,
GAME_EVENT_HUNTER_GROUP_5_SURVIVOR_BAT_DISK_GOLF_HAND_HLEMENT_SHOTGUN_TITLE,Survivor,
GAME_EVENT_HUNTER_GROUP_5_SURVIVOR_2BAT_3SHOTGUN_TITLE,Survivor,
GAME_EVENT_HUNTER_GROUP_1_VILLAGER_UNARMED_TITLE,Angry neighbors,
GAME_EVENT_HUNTER_GROUP_2_VILLAGER_UNARMED_TITLE,Angry neighbors,
GAME_EVENT_HUNTER_GROUP_2_VILLAGER_ARMED_TITLE,Angry neighbors,
GAME_EVENT_HUNTER_GROUP_ASH_TITLE,Chainsaw hero,
GAME_EVENT_HUNTER_GROUP_ASH_2_SURVIVOR_KNIFE_SHOTGUN_TITLE,Chainsaw hero,
GAME_EVENT_HUNTER_GROUP_LAURIE_TITLE,Survivor,
GAME_EVENT_HUNTER_GROUP_LAURIE_SURVIVOR_GUN_TITLE,Survivor,
GAME_EVENT_HUNTER_GROUP_GINNY_TITLE,Survivor,
GAME_EVENT_HUNTER_GROUP_GINNY_SURVIVOR_REDNECK_TITLE,Survivor,
GUI_MANSION_NAME,[PLAYER_NAME]'s mansion,
GUI_CHARACTER_ON_MISSION,On Mission,
GAME_EVENT_BLOOD_MOON_TITLE,Blood moon,
GAME_EVENT_BLOOD_MOON_DESCRIPTION,"Machiavellian League of Villains alert: \nNight of the blood moon. Is this a sign of the beginning of the end times? We hope so.\nMeanwhile, during [DURATION] hours, all your minions gain [PERCENTAGE_COMBAT]% more experience through training or combat.",
GAME_EVENT_COMIC_CON_TITLE,Geek and unicorn convention,
GAME_EVENT_COMIC_CON_DESCRIPTION,"Geeks gather from everywhere with perfectly full pockets. Don't be fooled by their cosplay, they are not minions.\nThey will loot (+[RESOURCES_LIST]) more than usual during [DURATION] hours.\n",
GAME_EVENT_SALES_TITLE,Special sales discount,
GAME_EVENT_SALES_DESCRIPTION,"Time to exchange your pile of hard-stolen gold for nice things. Prices are reduced by [PERCENTAGE_REDUCE]% on all equipment or resources sold by merchants. \nDon't wait, it will last only [DURATION] days.",
GUI_MONSTER_CHOOSER_MISSION_TITLE,Choose a minion to send on the mission.,
GUI_MONSTER_CHOOSER_MISSION_DESCRIPTION,Now you must choose your forced volunteer.,
GUI_MONSTER_CHOOSER_MISSION_CONFIRM_BUTTON,Confirm,
GAME_EVENT_SEND_MONSTER_CHOOSE,Send a minion on this mission,
GAME_EVENT_SEND_MONSTER_CHOOSE_ANOTHER,Choose another minion.,
GAME_EVENT_SEND_MONSTER_NOT_ENOUGH_MONSTERS,You don't have enough minions available.,
GAME_EVENT_SEND_MONSTER_CONFIRM,Confirm,
GAME_EVENT_COLONEL_SKELETON_EASY_TITLE,Colonel Skeleton,
GAME_EVENT_COLONEL_SKELETON_EASY_DESCRIPTION,"OMG, the Colonel Skeleton you admired so much when your were just a tiny worm is here. He didn't age one bit!\nHe heard about you and  offers to train one of your undeserving minions.",
GAME_EVENT_COLONEL_SKELETON_EASY_MISSION_SUCCESS,The Colonel trained your minion and now it is stronger than ever!,
GAME_EVENT_COLONEL_SKELETON_HARD_TITLE,Colonel Skeleton,
GAME_EVENT_COLONEL_SKELETON_HARD_DESCRIPTION,"Your childhood hero, Colonel Skeleton, is asking for your help in battle against some disgusting, lavender-smelling unicorn army.",
GAME_EVENT_COLONEL_SKELETON_HARD_SUCESS,Your minion succeeded in completing the Colonel's black ops mission. Now you may choose your reward.,
GAME_EVENT_COLONEL_SKELETON_HARD_FAILURE,Minion has failed to complete the Colonel's secret mission!,
GAME_EVENT_COLONEL_SKELETON_HARD_REWARD1,Blood money,
GAME_EVENT_COLONEL_SKELETON_HARD_REWARD2,War trophy,
GAME_EVENT_COLONEL_SKELETON_HARD_REWARD3,Deadly weapon,
GAME_EVENT_TOMB_RIDER_TITLE,Tomb digger,
GAME_EVENT_TOMB_RIDER_DESCRIPTION,"While digging, [MINION_NAME] stumbled upon a forgotten crypt.",
GAME_EVENT_TOMB_RIDER_REWARD,Claim your treasure.,
GAME_EVENT_TOMB_RIDER_FAILURE_AVOIDED,"Your minion was fast enough to avoid the trap, but not smart enough to bring back the treasure.",
GAME_EVENT_TOMB_RIDER_FAILURE_UNAVOIDED,"Your minion was not fast or smart enough, and a big boulder landed on his foot",
GAME_EVENT_TOMB_RIDER_SUCCESS,Minion has found something within the tomb corridors!,
GAME_EVENT_VILLAGE_PARTY_TITLE,Village party,
GAME_EVENT_VILLAGE_PARTY_DESCRIPTION,"The scent of cheap sausages and candy floss is coming from the nearby village.\nIt's what this pathetic gathering of humans calls a party. Let's grab a bite, too.",
GAME_EVENT_VILLAGE_PARTY_SUCCESS,The party is over.,
GAME_EVENT_VILLAGE_PARTY_SUCCES_DISGUISE,"Thanks to its disguise, your minion passed as friendly human and was offered a lot of drinks. It came home drunk, but the suspicion was greatly lowered. \n[SUSPICION] suspicion.",
GAME_EVENT_VILLAGE_PARTY_FAILURE_UNAVOIDED,Minion was too weak and got kicked out of the party.,
GAME_EVENT_VILLAGE_PARTY_REWARD,Your minion has brought home a doggy bag from the party.,
GAME_EVENT_VILLAGE_SUMMER_BREAK_TITLE,Summer break,
GAME_EVENT_VILLAGE_SUMMER_BREAK_DESCRIPTION,"Humans are leaving for summer break, a strange practice where they try to get burned by the sun, become even stupider by drinking weird beverages, or multiply with each other... Repugnant!\nSo no victim will come to your mansion during [DURATION] days.\n",
GAME_EVENT_MONSTER_TREE_TITLE,Monster tree,
GAME_EVENT_MONSTER_TREE_DESCRIPTION,"Trees are getting tired of watching your minions running everywhere with their crazy eyes and sharpened axes, cutting their friends into pieces. \nThey decide to fight back: Monster trees wake up and will defend other trees during [DURATION] days.",
GAME_EVENT_GHOST_TITLE,Ghostly audio tape,
GAME_EVENT_GHOST_DESCRIPTION,"One of your minions stumbled on a half-buried metal box. You open this mysterious box and find, surrounded by a thick layer of smoke, an old audio tape.\nSuddenly the surrounding smoke starts to take the shape of a being and you hear a deep, strange sound coming from the tape.",
GAME_EVENT_GHOST_PLAY_AUDIO_CASETTE,Listen to the mysterious audio tape sound again.,
GAME_EVENT_GHOST_GIVE_BRAIN,Throw some brain into the cloud of smoke.,
GAME_EVENT_GHOST_GIVE_GOLD,Throw some gold into the cloud of smoke.,
GAME_EVENT_GHOST_GIVE_BONES,Throw some bones into the cloud of smoke.,
GAME_EVENT_GHOST_GIVE_WOOD,Throw some wood into the cloud of smoke.,
GAME_EVENT_GHOST_RIGHT_ANSWEAR_GIVEN_BRAIN,"You hear a ghostly voice coming from the audio tape, but this time you understand it:\n""Oh... thanks, my memory is coming back. Oh...I can now remember everything, everything! I know who killed me and I will finally get my revenge!""",
GAME_EVENT_GHOST_RIGHT_ANSWEAR_GIVEN_GOLD,"You hear a ghostly voice coming from the audio tape, but this time you understand it:\n""I'm not stuck here anymore, I can finally pay my way to the death world!""",
GAME_EVENT_GHOST_RIGHT_ANSWEAR_GIVEN_BONES,"You hear a ghostly voice coming from the audio tape, but this time you understandable:\n""Those are not my bones, but I won't tell if you won't. And it should still work.""",
GAME_EVENT_GHOST_WRONG_ANSWEAR,"You hear a scream come from the audio tape, just before it disappears along with the cloud of smoke.",
GAME_EVENT_GHOST_REWARD,Take this as a reward.,
SETTING_LANGUAGE_BRAZILIAN_PORTUGUESE,Portuguese,
GUI_OBJECT_TITLE_MASK_MOUSTACHE,Mustache mask,
GUI_OBJECT_TITLE_ROTATING_VIRGIN,Rotating wall for virgin,
GUI_OBJECT_TITLE_INTESTINE_NACKLACE,Intestine necklace,
GUI_OBJECT_TITLE_GLASSES,Glasses,
GUI_OBJECT_TITLE_BALL_CHAIN,Barbell,
GUI_OBJECT_DESC_MASK_MOUSTACHE,Hide from stupid victims behind this glorious mustache mask.,
GUI_OBJECT_DESC_ROTATING_VIRGIN,Unicorns never fail to attract virgins. And rotating walls never fail to send them into the next room.,
GUI_OBJECT_DESC_INTESTINE_NACKLACE,"Forget fashion forward, try fashion innards.",
GUI_OBJECT_DESC_GLASSES,"With them, you look like a scientific genius.",
GUI_OBJECT_DESC_BALL_CHAIN,Heavy in the pocket.,
ACHIEVEMENT_KILL_VICTIMS_LEVEL1_TITLE,Cute Killer,
ACHIEVEMENT_KILL_VICTIMS_LEVEL1_DESC,Kill 50 victims in a game.,
ACHIEVEMENT_KILL_VICTIMS_LEVEL2_TITLE,I see dead people,
ACHIEVEMENT_KILL_VICTIMS_LEVEL2_DESC,Kill 100 victims in a game.,
ACHIEVEMENT_KILL_VICTIMS_LEVEL3_TITLE,There will be blood,
ACHIEVEMENT_KILL_VICTIMS_LEVEL3_DESC,Kill 300 victims in a game.,
ACHIEVEMENT_KILL_HEROES_LEVEL1_TITLE,Be afraid...,
ACHIEVEMENT_KILL_HEROES_LEVEL1_DESC,Kill 50 Heroes in a game.,
ACHIEVEMENT_HYPNO_VICTIM_TITLE,Funny games,
ACHIEVEMENT_HYPNO_VICTIM_DESC,Make two victims fight each other.,
ACHIEVEMENT_DAY_LEVEL1_TITLE,100 days of night,
ACHIEVEMENT_DAY_LEVEL1_DESC,Survive 100 days.,
ACHIEVEMENT_ALL_RESEARCH_TITLE,Mad scientist,
ACHIEVEMENT_ALL_RESEARCH_DESC,Unlock everything that can be researched.,
ACHIEVEMENT_COOK_CHEF_TITLE,With a nice chianti,
ACHIEVEMENT_COOK_CHEF_DESC,Cook at least one of everything.,
ACHIEVEMENT_HOT_DOG_TITLE,Hot dog,
ACHIEVEMENT_HOT_DOG_DESC,Make some food from a dead dog.,
GUI_VICTIM_SCARED_LEVEL,"Scare level of the victim:\nIf the victim's scare level goes above [SCARE_LEVEL_SUSPICION], it will phone its kin to warn them, which will increase your suspicion.\nIf the victim's scare level goes to [SCARE_LEVEL_ESCAPE], it will escape or fight back depending on its nature.",
GUI_VICTIM_HAPPY_LEVEL,"Happiness Level of the victim:\nIf your victim's happiness level is [HAPPY_LEVEL_SUSPICION] or above, it will phone its kin, which will lower your suspicion.",
GUI_RELOAD,Reload,
GUI_REFILL,Refill,
EVERY_VICTIM_EXCEPT,every victims type except [VICTIM_LIST],
EVERY_VICTIM,every victims type,
EXTRA_INFO_REFILL,Need to be refilled with [REFILLTYPE],
EXTRA_INFO_RELOAD,Need to be reloaded after each use.,
EXTRA_INFO_SCARE_ROOM,[SCARE_LEVEL] every victim in this room.,
EXTRA_INFO_SCARE_VICTIM,[SCARE_LEVEL] victims caught in this trap.,
EXTRA_INFO_HAPPY,Give a [HAPPY_BONUS] to [VICTIM_LIST].,
EXTRA_INFO_DISTRACT,Entertain victim(s) during [DISTRACT_TIME] hour(s). \nAn entertained victim is not scared by what happens around them.,
EXTRA_INFO_COOL_DOWN,Cool down of [DURATION] hour(s).,
GUI_OBJECT_TITLE_FOUNDRY,Foundry,
GUI_OBJECT_DESC_FOUNDRY,Melts metals. ,
GUI_OBJECT_TITLE_WHITE_TILE,White tile,
GUI_OBJECT_DESC_WHITE_TILE,"White tile, easy to clean.",
GUI_OBJECT_EXTRA_INFO_FLOOR_CLEANING_SPEED,Cleaning speed [PERCENTAGE_SPEED],
GUI_OBJECT_TITLE_WATCHES_STAND,Luxury watch display,
GUI_OBJECT_DESC_WATCHES_STAND,"Assortment of luxury watches, shiny and flashy. Rich people love it.",
GUI_OBJECT_TITLE_VENDING_MACHINE,Vending machine,
GUI_OBJECT_DESC_VENDING_MACHINE,Works with money or kicks.,
GUI_OBJECT_TITLE_DENTIST_FURNITURE,Tooth mascot,
GUI_OBJECT_DESC_DENTIST_FURNITURE,So sweet your teeth will ache.,
GUI_OBJECT_TITLE_ARCADE_CABINET,Arcade cabinet,
GUI_OBJECT_DESC_ARCADE_CABINET,BGS-25 (Kapkon Q35),
GUI_OBJECT_TITLE_LETTER_BOX,Mailbox,
GUI_OBJECT_DESC_LETTER_BOX,Use it to send ads to lure your victims inside your mansion,
GUI_OBJECT_TITLE_SPIDER_ATTRACTOR,Giant spider attractor,
GUI_OBJECT_DESC_SPIDER_ATTRACTOR,"Guess what — for giant spiders, we need giant bait. \nAttract giant spiders at regular intervals.",
GUI_OBJECT_TITLE_FLOOR_CARPET_BROWN,Brown carpet,
GUI_OBJECT_DESC_FLOOR_CARPET_BROWN,"A brown carpet that was fashionable in 1973. Made a comeback under the name ""chocolate"".",
GUI_OBJECT_TITLE_FLOOR_CARPET_PURPLE,Purple carpet,
GUI_OBJECT_DESC_FLOOR_CARPET_PURPLE,"Half your minions wanted blue, the other half wanted red. This way, no one will like it.",
GUI_OBJECT_TITLE_FLOOR_CARPET_YELLOW,Yellow carpet,
GUI_OBJECT_DESC_FLOOR_CARPET_YELLOW,Matched to your stack of gold.,
GUI_OBJECT_TITLE_FLOOR_CARPET_GREEN,Green carpet,
GUI_OBJECT_DESC_FLOOR_CARPET_GREEN,"You can puke on it, no one will notice.",
GUI_OBJECT_TITLE_FLOOR_CARPET_PATTERN_BLACK,Skullhead carpet,
GUI_OBJECT_DESC_FLOOR_CARPET_PATTERN_BLACK,Comfy and so rebellious.,
GUI_OBJECT_TITLE_FLOOR_CARPET_PATTERN_PINK,Pink carpet,
GUI_OBJECT_DESC_FLOOR_CARPET_PATTERN_PINK,Comfy and so cute!,
GUI_OBJECT_TITLE_FLOOR_STICKS,Outdoor path,
GUI_OBJECT_DESC_FLOOR_STICKS,Cannot be used to floor the rooms.,
GUI_OBJECT_TITLE_FLOOR_WOOD_DARK,Dark wooden flooring,
GUI_OBJECT_DESC_FLOOR_WOOD_DARK,Wooden flooring.,
GUI_OBJECT_TITLE_FLOOR_WOOD_LIGHT,Light wooden flooring,
GUI_OBJECT_DESC_FLOOR_WOOD_LIGHT,Wooden flooring.,
EFFECT_BONUS_TASK_EXPERIENCE,Increase experience gain during doing tasks,
EFFECT_BONUS_BATTLE_EXPERIENCE,Increase experience gain during battle and training,
EFFECT_HIDE_BEHIND_WEARABLE,"Disguise as one of the so-called ""humans""",
GUI_OBJECT_TITLE_STORAGE_ITEMS,Equipment storage,
GUI_OBJECT_DESC_STORAGE_ITEMS,Store all your equipment and valuables.,
GUI_OBJECT_TITLE_STORAGE_MATERIALS,Material storage,
GUI_OBJECT_DESC_STORAGE_MATERIALS,Store here materials to build things.,
GUI_BUILD_MENU_PATH,Path,
CHARACTER_DESC_VICTIM_KS_13_RUFUS,"Always felt out of place in society, so decided to go to the unknown.",
CHARACTER_DESC_VICTIM_KS_14_RAVEN_LUNA_MOORE,Suicidal schizophrenic with an alter-ego that fights back to save herself.,
CHARACTER_DESC_VICTIM_KS_15_SNOW_WHITE,Can't resist a golden apple.,
CHARACTER_DESC_VICTIM_KS_17_TEDDY,"After a career as an international judo champion, he has gained too much weight and is trying to lose it by fighting monsters stronger than him.",
CHARACTER_DESC_VICTIM_KS_18_BICASSO,He is a cursed painter. He wants to find inspiration because he has Blank Canvas Syndrome. He seeks to paint what no one has ever been able to paint: monsters. Those who've seen them are usually dead ...,
CHARACTER_DESC_VICTIM_KS_19_POOKIE_VON_KUDDELMUDEL,"Was forgotten by her parents in the book section of the supermarket. She grew up a savage bookworm until the age of 6 when she was adopted by a friendly librarian who taught her books where meant to be read, not eaten.",
CHARACTER_DESC_VICTIM_KS_20_TILIT,Blue-eyed little guy with a magician's hat.,
CHARACTER_DESC_VICTIM_KS_21_CARTER,"Having won all his rugby matches, Karter has a difficult time finding challenges worthy of his effort. Can the mansion provide him with one?",
CHARACTER_DESC_VICTIM_KS_22_ELIANE,"The most influential critic of travel destinations. She has traveled so much that she has seen everything except a monster mansion. For that reason, she wants to brave all its dangers and critique it.",
SUSPICION_KILLED_INSIDE,Victim killed inside your mansion,
SUSPICION_KILLED_OUTSIDE,Victim killed outside your mansion,
SUSPICION_VICTIM_ESCAPE,Victim escape,
GUI_ATTRACT_VICTIM,Number of victims attracted,
GUI_OBJECT_TITLE_DOOR_EXIT,Exit door,
GUI_OBJECT_DESC_DOOR_EXIT,This door will be used by victims when they are scared.,
GUI_OBJECT_TITLE_DOOR_PRIORITY,Priority door,
GUI_OBJECT_DESC_DOOR_PRIORITY,Victims will use this door instead of other basic doors.,
GUI_INTRO_TEXT_01,"Being a minion, what a dream job! First-class evil boss, a steady supply of stupid victims guaranteed. Murder and mayhem every day. What a beautiful life! Or NOT. ",
GUI_INTRO_TEXT_02,"The boss was an exploitative douche and, really, life sucks. So one clever minion rose from its miserable miniondition and applied to the League of Machiavellian Villains. It cost  an arm and a leg — well, somebody else's — but it was worth it because...",
GUI_INTRO_TEXT_03,"One night, an Evil Owl bursts through the window, bringing the most important (and only) letter of the minion's life!",
GUI_INTRO_TEXT_04,"Congratulations, lowly minion.\n\nYour application to the League of Machiavellian Villains has been approved... under conditions.\n\nPlease bring this letter to the Department of Evil Domains to receive your plot of evil land and further instructions.\n\n\nDishonestly yours, the League of Machiavellian Villains",
GUI_INTRO_TEXT_05,"At last, the minion's days of servitude are over.\nNo more unpaid overtime, no more scrubbing toilets...\nBut... before the minion departs...",
GUI_INTRO_TEXT_06,One last evil deed.,
GUI_INTRO_TEXT_07,"And now to become the biggest, baddest, most powerful villain EVER!",
GUI_INTRO_TEXT_08,Gah! This is taking forever.,
GUI_INTRO_TEXT_09,How dare they delay my evil...  Eeeeeevil plans!,
GUI_INTRO_TEXT_10,I shall make them pay.,
GUI_INTRO_TEXT_11,I just... I just don't wanna lose my place in line. They will pay... Later.,
GUI_INTRO_TEXT_12a,But then... they'll pay... WITH INTERESTS! \nMWAHAHAHAH---,
GUI_INTRO_TEXT_12b,Next!,
GUI_INTRO_TEXT_12c,"Oooh, that's me!",
GUI_INTRO_TEXT_13,Now my reign of evil can begin!\nMWAHAHAHAHA!,
GUI_OBJECT_TITLE_BLOOD_SHOWER,Blood shower,
GUI_OBJECT_DESC_BLOOD_SHOWER,Your minion likes to relax and unwind under a rain of fresh blood.,
GUI_CRYPT_JOB_AD_TAB_TITLE,Job offer,
GUI_CRYPT_JOB_AD_QUALITY_TITLE,Job ad magazine,
GUI_CRYPT_JOB_AD_QUALITY_DESC,"Select the magazine where you will publish the job offer. The fancier the magazine, the more qualified and experienced the applicants.",
GUI_CRYPT_JOB_ADD_MINION_TYPE,Select the minion type requested by the ad,
GUI_CRYPT_JOB_ADD_RANDOM_MINION_TYPE,Random,
GUI_CRYPT_JOB_AD_SIZE_TITLE,Ad size,
GUI_CRYPT_JOB_AD_SIZE_DESC,"Size does matter — the bigger the ad, the more applicants you get!",
GUI_CRYPT_JOB_AD_NB_APPLICATION,[NB_APPLICANTS] applicant(s),
GUI_CRYPT_JOB_AD_PUBLISH,Publish the job offer,
GUI_CRYPT_JOB_AD_WAITING_CANDIDATE,Waiting applicants(s),
GUI_CRYPT_JOB_AD_WAITING_CANDIDATE_DURATION_LEFT,[NB_HOURS] hours left before job offer is published.,
GUI_CRYPT_JOB_AD_CANCIDATE_WAITING_TITLE,You have [NB_CANDIDATE] applicants waiting for your review.,
GUI_CRYPT_JOB_AD_CANCIDATE_WAITING_DESC,[NB_CANDIDATE] applicants are waiting for your review. Pick one minion or send them all away before placing a new job offer\n,
GUI_CRYPT_JOB_AD_CANCIDATE_CHOOSE,Pick a minion,
GUI_CRYPT_JOB_AD_CANCIDATE_SEND_THEM_AWAY,Send them all away,
GUI_CRYPT_JOB_AD_CANCIDATE_NO_FREE_SLOT,Not enough free slots available in your team of minions for a job offer. Unlock more.,
GUI_CRYPT_LEVEL_TAB_TITLE,Increase crypt level,
GUI_CRYPT_LEVEL_TITLE,Crypt level [LEVEL],
GUI_CRYPT_LEVEL_INCREASE_DESC,Increase the level of your crypt and unlock a new type of monster you can hire.,
GUI_CRYPT_LEVEL_SELECT_NEW_MONSTER_TYPE,"Well done, you increased the level of your crypt! \nYou can publish job offers for a new type of monster. Pick which one.",
GUI_CRYPT_LEVEL_UNLOCK_MONSTER,Unlock the selected monster type,
GUI_CRYPT_SLOT_UNLOCK_TAB_TITLE,Team slot,
GUI_CRYPT_SLOT_UNLOCK_TITLE,Unlock a new free slot in your team,
GUI_OBJECT_TITLE_TOOTH_FURNITURE,Animated tooth,
GUI_OBJECT_DESC_TOOTH_FURNITURE,Dental automaton. Brush your teeth!,
ADVERT_VICTIMS,Victims,
ADVERT_BASE_LOOT,Base Loot,
ADVERT_POSSIBLE_LOOT,Possible Loot,
ADVERT_TIME_BEFORE_COLLECTION,Time left before next mail collection:,
MENU_CRYPT,Crypt,
ADVERT_TITLE_EMPTY,No ad,
ADVERT_DESC,No ad for today.,
INTRO_SKIP,Skip,
INTRO_NEXT,Next,
RESEARCH_NEED_CRAFT_POINTS,Reminder: Configure research bench to generate enough research point.,
INTRO_1_CONTROLS_TITLE,1. CONTROLS,
INTRO_1_CONTROLS_01,"Press <b>space bar</b> to pause the action,\n plan your moves and dish out orders!",
INTRO_1_CONTROLS_02,Master time with the <b>right top</b> corner icons!,
INTRO_1_CONTROLS_03,"Use <b>W, A, S, D</b> or <b>arrow keys</b> to move the camera.",
INTRO_1_CONTROLS_04,Use the <b>mouse wheel to zoom</b>.,
INTRO_2_MONSTERS_TITLE,2. MINIONS,
INTRO_2_MONSTERS_01a,Left-Click on an individual minion to see what action it has.,
INTRO_2_MONSTERS_01b,<i>Hover to get info.</i>,
INTRO_2_MONSTERS_02,- Left-click to select a minion\n - Right-click to select a target/location\n- Left click to chose the action,
INTRO_2_MONSTERS_03,"JOBS MANAGER\n <color=""red"">Assign jobs to your minions, they won’t do a thing unless told to.</color>",
INTRO_2_MONSTERS_04,Left-click and drag to select multiple minions.,
INTRO_2_MONSTERS_05,Minions can be equipped with items depending on their type.,
INTRO_3_BUILDING_TITLE,3. BUILDING,
INTRO_3_BUILDING_01a,Chose the tree/rock/... you want to harvest.,
INTRO_3_BUILDING_01b,Assign a minion to the relevant jobs,
INTRO_3_BUILDING_02,"Build your mansion with walls, floors and doors\n /!\ rooms must be closed and have floor",
INTRO_3_BUILDING_03a,Craft & place furniture to attract victims and please your minions.,
INTRO_3_BUILDING_03b,Press mouse wheel or R key to rotate furniture.,
INTRO_3_BUILDING_04,"Click to <b>cancel or recycle</b> walls, floors, furniture,... before or after they’re built.",
INTRO_3_BUILDING_05,<b>Information Maps</b>\n Check the Evilness and Prestige levels of your rooms.,
INTRO_3_BUILDING_06a,<b>Area</b>,
INTRO_3_BUILDING_06b,Define fire and cleaning zones: your minions will only fight fire / clean in those areas.,
INTRO_3_BUILDING_06c,<i>(Remember you still need to assign the relevant jobs)</i>,
INTRO_4_KILLING_TITLE,4. KILLING,
INTRO_4_KILLING_TITLE_Bubble,Finally!,
INTRO_4_KILLING_01a,Kill victims to collect resources to feed your minions.,
INTRO_4_KILLING_01b,Build a butcher’s table to turn them into edible parts.,
INTRO_4_KILLING_02,Choose an advertisement to lure victims inside your mansion.,
INTRO_4_KILLING_03,"Build what you need to craft letters, papers or spams to send out the ad.",
INTRO_4_KILLING_04,"Victims will flee, freeze or attack when they get scared.",
INTRO_4_KILLING_05,Follow the <b>Rules</b> to earn Evilium from the League of Villains.,
INTRO_4_KILLING_06,Use <b>Evilium</b> to enhance your <b>Crypt</b> status and hire more minions.,
INTRO_5_THREATS_TITLE,5. THREATS,
INTRO_5_THREATS_01,<b>Hostile creatures and Monster Hunters</b> can appear at random and attack your minions.,
INTRO_5_THREATS_02a,Victims who <b>escape</b> will raise the <b>suspicion score</b> more than victims who are <b>eliminated</b>.,
INTRO_5_THREATS_02b,Happy victims will lower the suspicion. Try distracting them...,
INTRO_5_THREATS_03,"When the suspicion score is raised, more and more angry people will visit and try to kill your minions!",
INTRO_5_THREATS_04a,"If you have no more minions, it’s...",
INTRO_5_THREATS_04b,GAME OVER,
RULES_TITLE,RULES,
RULES_PAGE_KILL_THEM_ALL,1.You must kill them all.,
RULES_PAGE_KILL_ALONE,2. Kill them only when they’re ALONE.,
RULES_PAGE_VIRGINS,3. Kill the virgin last.,
RULES_PAGE_NIGHT,4. Kill them at night.,
RULES_PAGE_DOG,5. Do NOT kill the dog. EVER.,
RULES_NIGHT,Rule #4: Don't kill them during the day.,
FILENAME,FILENAME,
GUI_OBJECT_TITLE_TRAP_ROTATING_BANKER,Rotating wall for bankers,
GUI_OBJECT_DESC_TRAP_ROTATING_BANKER,These charts attract bankers like honey attracts bees.,
CONTEXTUAL_ERROR_ALREADY_RELOAD,Already reloaded,
CONTEXTUAL_ACTION_TARGET_RELOAD,Reload,
GUI_OBJECT_TITLE_WALL_IRON,Iron wall,
GUI_OBJECT_DESC_WALL_IRON,"Iron wall, strong and fire-resistant.",
GUI_OBJECT_TITLE_WALL_TAPESTRY_BLUE,Wall covered by blue tapestry,
GUI_OBJECT_DESC_WALL_TAPESTRY_BLUE,Second favorite color after blood red.,
GUI_OBJECT_TITLE_WALL_TAPESTRY_GREEN,Wall covered by green tapestry,
GUI_OBJECT_DESC_WALL_TAPESTRY_GREEN,Matches to the color of rotting bodies.,
GUI_OBJECT_TITLE_WALL_TAPESTRY_RED,Wall covered by red tapestry,
GUI_OBJECT_DESC_WALL_TAPESTRY_RED,Stains are less visible on it.,
GUI_OBJECT_TITLE_WALL_TAPESTRY_YELLOW,Wall covered by yellow tapestry,
GUI_OBJECT_DESC_WALL_TAPESTRY_YELLOW,Goes well with green skin tone.,
GUI_OBJECT_TITLE_WALL_WOOD_DARK,Dark wood wall,
GUI_OBJECT_DESC_WALL_WOOD_DARK,"Weak, easy to break, probably smells like leaves, too.",
GUI_OBJECT_TITLE_WALL_WOOD_LIGHT,Light wood wall,
GUI_OBJECT_DESC_WALL_WOOD_LIGHT,"Weak, easy to break, probably smells like leaves, too.",
CHARACTER_FAMILLY_VICTIM,Victim,
CHARACTER_FAMILLY_MINION,Minion,
CHARACTER_FAMILLY_HUNTER,Monster Hunter,
CHARACTER_FAMILLY_FOREST_CREATURE,Forest Creature,
TURRET_TARGET,Target type,
RESEARCH_ADVANCED_VICTIM_FURNITURE_TITLE,Advanced victim furniture,
RESEARCH_ADVANCED_VICTIM_FURNITURE_DESC,All kinds of furniture to convince your victim that everything is fine...,
RESEARCH_STAKE_TURRET_TITLE,Stake turret,
RESEARCH_STAKE_TURRET_DESC,Fast shooting turret. Used to protect your mansion from intruders.,
MENU_SELECT_ALL_MONSTER,Select all minions,
SELECT_ALL,All,
MENU_DEMOLISH,Disassemble,
MENU_DEMOLISH_TOOLTIPS,Click the button then click the item on the map you want to disassemble.\nYou can also drag-select to disassemble all constructions inside a rectangular zone.,
MENU_CANCEL_GATHERING_RESOURCE,Cancel collecting those plants,
MENU_CANCEL_ACTION_BUILD,Cancel planned constructions,
MENU_CANCEL_ROCK_GATHERING,Cancel digging those rocks,
MENU_CANCEL_TREE,Cancel cutting those trees,
MENU_CANCEL_GENERIC_TOOLTIPS,Click the button then click where you want to cancel a planned action of this type.\nYou can also drag-select to cancel a planned action of this type inside a squared zone.,
MAIL_IS_CLOSED,Post office is closed for today. Will reopen in the morning.,
GUI_OBJECT_TITLE_ELECTRICITY_BATTERY_SMALL,Small battery,
GUI_OBJECT_DESC_ELECTRICITY_BATTERY_SMALL,Battery can stores electric energy.,
GUI_OBJECT_TITLE_ELECTRICITY_WIRE,Electric wire,
GUI_OBJECT_DESC_ELECTRICITY_WIRE,Electric wires are used to connect anything electric.,
GUI_OBJECT_TITLE_ELECTRICITY_WOOD_GENERATOR,Electricity generator from wood.,
GUI_OBJECT_DESC_ELECTRICITY_WOOD_GENERATOR,"Burn some wood, pollute and make some energy.",
TRAITS_NOT_SCARY,Not scary,
BUILD_ON_FLOOR,Need a floor to be built.,
ELECTRICITY_WAT,W,
ELECTRICITY_AMPERE_HOUR,Ah,
DISPLAY_MAP_ELECTRICITY,Display electricity map,
GUI_OBJECT_TITLE_ELECTRICITY_BATTERY_BIG,Big battery,
GUI_OBJECT_DESC_ELECTRICITY_BATTERY_BIG,Battery can stores electric energy..,
GUI_OBJECT_TITLE_ELECTRICITY_SWITCH_MANUAL,Manual switch,
GUI_OBJECT_DESC_ELECTRICITY_SWITCH_MANUAL,Switch the electricity on and off.,
GUI_OBJECT_TITLE_ELECTRICITY_SWITCH_DETECT_CHARACTER,Character detector switch,
GUI_OBJECT_DESC_ELECTRICITY_SWITCH_DETECT_CHARACTER,Switch the electricity on and off when it detects a character.,
GUI_BATTERY,Battery,
GUI_PRODUCE_ELECTRICITY,Produce electricity,
GUI_CONSUME_ELECTRICITY,Use electricity,
GUI_WIRE,Wire,
MENU_ELECTRICITY,Electricity,
GUI_SWITCH,Manual switch,
GUI_OBJECT_TITLE_ELECTRICITY_LIGHTNING_ROD,Lightning Rod,
GUI_OBJECT_DESC_ELECTRICITY_LIGHTNING_ROD,Convert nearby lightning strikes into electricity.,
GUI_OBJECT_TITLE_ELECTRICITY_ALARM,Alarm,
GUI_OBJECT_DESC_ELECTRICITY_ALARM,"When the alarm is triggered, it will rally monsters surrounding the alarm to a position of your choice.\nBest used with a detector switch.",
GUI_ALARM_PLACE_RALLY,Set Rally Point,
GUI_ALARM_ON,Orders when alarm goes on,
GUI_ALARM_OFF,Orders when alarm end,
GUI_ALARM_SILENT,Silent Alarm,
GUI_ALARM_STOP_TASK,Switch to Attack mode,
GUI_ALARM_GOTO_RALLY,Go To Rally Point,
GUI_ALARM_RESUME_TASK,Resume jobs,
GUI_ALARM_SET_BEHAVE,Set Behaviour,
GUI_ALARM_RESUME_BEHAVE,Resume Behaviour,
GUI_ALARM_BEHAVE_NONE,None,
GUI_ALARM_BEHAVE_PREVIOUS,Previous,
ELECTRICITY_CONSUME,Consume [ELECTRICITY_POWER],
ELECTRICITY_PRODUCE,Produce [ELECTRICITY_POWER],
ELECTRICITY_STORE,Store [ELECTRICITY_QUANTITY],
ELECTRICITY_CONSUME_VARIABLE,Consume Standby:[ELECTRICITY_POWER_STANDBY] Active:[ELECTRICITY_POWER_ACTIVE],
ELECTRICITY_CONSUME_AT_LEAST,Consume:[ELECTRICITY_POWER_MIN] and more,
GUI_OBJECT_TITLE_ELECTRICITY_EVIL_FINGER,Evil finger,
GUI_OBJECT_DESC_ELECTRICITY_EVIL_FINGER,You can zap your minion to give them a little push or electrocute your enemies. ,
MENU_EVIL_FINGER,Evil finger,
EVIL_FINGER_SMALL_POWER,"Small touch (Short click, use [PERCENTAGE_POWER]):",
EVIL_FINGER_BIG_POWER,"Finger crush (keep the mouse button pushed until fully charged, use [PERCENTAGE_POWER]):",
EVIL_FINGER_SELECT_TARGET,Select Target,
GUI_OBJECT_TITLE_DOOR_ELECTRIC,Automatic electric door,
GUI_OBJECT_DESC_DOOR_ELECTRIC,The door is locked when powered by electricity.,
GUI_OBJECT_TITLE_ELECTRICITY_TREADMILL_GENERATOR,Power walk,
GUI_OBJECT_DESC_ELECTRICITY_TREADMILL_GENERATOR,Make your minion walk on this treadmill to generate electricity.,
MOOD_TOO_MUCH_ZAP,Been electrocuted too much time.,
MOOD_DIFFICULTY_BONUS,Difficulty bonus,
MOOD_DIFFICULTY_MALUS,Difficulty malus,
MOOD_SANDBOX_BONUS,Custom map bonus,
MOOD_SANDBOX_MALUS,Custom map malus,
TASK_GROUP_TYPE_FEED_TITLE,Eating,
TASK_GROUP_TYPE_SLEEP_TITLE,Sleep,
EVIL_FINGER_ON_ENNEMY,On enemies,
EVIL_FINGER_ON_MINION,On minions,
EVIL_FINGER_ON_BOTH,"On enemies, minions and environment.",
EVIL_FINGER_NOT_ENOUGH_CHARGE,The level of charge is not enough.,
EVIL_FINGER_NOT_IN_RANGE,Too far form the evil finger,
RESEARCH_ELECTRICITY_IMPROVED_TITLE,Advanced electricity,
RESEARCH_ELECTRICITY_IMPROVED_DESC,Become the master of thunder!,
RESEARCH_ELECTRICITY_ADVANCED_TITLE,Evil finger,
RESEARCH_ELECTRICITY_ADVANCED_DESC,"Play god, or should we say evil.",
GUI_OBJECT_TITLE_TESLA_COIL,Tesla coil,
GUI_OBJECT_DESC_TESLA_COIL,"A Tesla coil is an electrical resonant transformer circuit.\nBut the only thing you need to know is that once powered, it will electrocute nearby living things.",
GUI_OBJECT_TITLE_LASER,Laser of death,
GUI_OBJECT_DESC_LASER,"Your own laser of death. Once powered, this laser will burn everything in front of it.\nWARNING USE WITH CAUTION!",
DIFFICULTY_NORMAL_DESC,First time outside your crypt,
DIFFICULTY_HARD_DESC,Full time villain,
DIFFICULTY_VERY_HARD,Drink blood at breakfast,
OBJECT_INACCESSIBLE,Inaccessible,
ELECTRICITY_NOT_ENOUGH_POWER,Not enough electricity,
ATTACKAI_BEHAVE_TITLE,Behaviour,
ATTACKAI_BEHAVE_NEUTRAL_TITLE,Neutral,
ATTACKAI_BEHAVE_DEFENSE_TITLE,Defend,
ATTACKAI_BEHAVE_ATTACK_TITLE,Aggressive,
DISPLAY_MAP_LIGHT,Display map of lighting,
POWER_UPGRADE_TRANSFERT_LIFE,Transferted life points +[TOTAL_POINT],
ATTACKAI_BEHAVE_APPLY_ALL_TIPS,Set this behaviour to all minions.,
ATTACKAI_BEHAVE_APPLY_ALL,Copy to all,
SETTING_PAUSE_FX,Pause FX,
GUI_OBJECT_TITLE_SKELETON_LAMP,Skeleton lamp,
GUI_OBJECT_DESC_SKELETON_LAMP,Remember that victims are afraid of the dark.\nAnd that your minion work harder under the light.,
MONSTER_CAT_BEE_QUEEN,Queen of bees,
MONSTER_DESC_BEE_QUEEN,Bee queen as a lot of spiky servants.,
ATTACK_BEE,Hive attack,
ATTACK_BIG_BEE,Big unstoppable bee,
OBJECT_RECYCLE,Recycle,
GUI_OBJECT_TITLE_FLOOR_SPIDER_WEB,Spider web floor,
GUI_OBJECT_DESC_FLOOR_SPIDER_WEB,Slow down the walking speed.,
GUI_ELECTRICITY_NETWORK,Info on connected electricity network,
GUI_ELECTRICITY_NETWORK_TOTAL_PRODUCE,Total electricity produced,
GUI_ELECTRICITY_NETWORK_TOTAL_CONSUME,Total electricity consumed,
GUI_OBJECT_TITLE_TRAPS_WOLF,Wolf trap,
GUI_OBJECT_DESC_TRAPS_WOLF,Watch where you put your feets. Can be build outdoor.,
GUI_OBJECT_TITLE_ASTROPISTOL,Astropistol,
GUI_OBJECT_DESC_ASTROPISTOL,"Found on a planet with 3 suns. Fast and powerfull. Don't try to stop it with your hand, it only works in movies.",
GUI_OBJECT_TITLE_CROWBAR,Crowbar,
GUI_OBJECT_DESC_CROWBAR,A classic!,
GUI_OBJECT_TITLE_RUSTY_SWORD,Rusty sword,
GUI_OBJECT_DESC_RUSTY_SWORD,I hope you're vaccinated for tetanus,
GUI_OBJECT_TITLE_SABER,Saber,
GUI_OBJECT_DESC_SABER,Light and fast blade.,
GUI_OBJECT_TITLE_SINK,Sink,
GUI_OBJECT_DESC_SINK,"Ridiculous, heavy, slow, but brutal.",
GUI_OBJECT_TITLE_SNIPER_RIFLE,Sniper rifle,
GUI_OBJECT_DESC_SNIPER_RIFLE,Stay far from your target. A good for killer apprentices.,
GUI_OBJECT_TITLE_STAFF_DEATH,Death staf,
GUI_OBJECT_DESC_STAFF_DEATH,"A thousand souls have been imprisoned in this cristal. Almost always Instant death, but can only be used a few times. Choose your target wisely. ",
GUI_OBJECT_TITLE_CURSED_CHEST,Cursed box,
GUI_OBJECT_DESC_CURSED_CHEST,"Don't store anything in it, it will disappear. It's a one way path to a parallel universe where people are in marshmallow.",
GUI_OBJECT_TITLE_KILLER_FORK,A celebrity's fork.,
GUI_OBJECT_DESC_KILLER_FORK,The true fork used by a famous killer to eat brains.,
GUI_OBJECT_TITLE_HEAD_NAIL,Head nail,
GUI_OBJECT_DESC_HEAD_NAIL,Will heal or give you a headache.,
GUI_OBJECT_TITLE_LUMBER_JACK_BEAR,Lumberjack's beard,
GUI_OBJECT_DESC_LUMBER_JACK_BEAR,Don't ask where I got it.,
GUI_OBJECT_TITLE_MOLE_MUMMY,Mummified mole,
GUI_OBJECT_DESC_MOLE_MUMMY,Armies of moles was used to build pyramids.,
GUI_OBJECT_TITLE_PEASANT_HAT,Peasant hat,
GUI_OBJECT_DESC_PEASANT_HAT,Itches the head,
GUI_OBJECT_TITLE_POMPOM,Pompom,
GUI_OBJECT_DESC_POMPOM,Best loot ever found on a victim.,
GUI_OBJECT_TITLE_UTILITY_BELT,Utility belt,
GUI_OBJECT_DESC_UTILITY_BELT,The same belt as the vampire man.,
GUI_OBJECT_TITLE_LUMBER_JACK_SHIRT,Lumberjack's shirt,
GUI_OBJECT_DESC_LUMBER_JACK_SHIRT,timeless fashion,
GUI_OBJECT_TITLE_TURRET_STAKE,Stake turret,
GUI_OBJECT_DESC_TURRET_STAKE,Fast shooting turret. Used to protect your mansion from intruders.,
GUI_OBJECT_TITLE_STORAGE_SHELF,Luxury shelf,
GUI_OBJECT_DESC_STORAGE_SHELF,This stylish shelf give you the possibility to store more goods in less space.,
USER_MESSAGE_RAT,Rat infestation,
USER_MESSAGE_RAT_INFO,Rats proliferate in this region. Keep your food safe,
USER_MESSAGE_EVIL_COMPETITOR,Other villains are starting to consider you as a big threat. They are sending a group of minions to destroy you.,
USER_MESSAGE_FOOD_POISONING,Food poisoning,
USER_MESSAGE_FOOD_POISONING_MORE_INFO,"Your minion ate spoiled food and got sick. You can cure him with an antidote potion.\nTo prevent futur food poisoning, store your food in a fridge or smoke your food with a smoker.",
GUI_OBJECT_TITLE_HYDRO_ALCOOLIC_GEL,hand sanitizer,
GUI_OBJECT_DESC_HYDRO_ALCOOLIC_GEL,"A substance of great value on the black market, even if it's only water and alcohol.",
GUI_OBJECT_TITLE_SURGICAL_MASK,Surgical mask,
GUI_OBJECT_DESC_SURGICAL_MASK,Makes you look cool when you do evil stuff.,
GUI_OBJECT_TITLE_TOILET_PAPER,Toilet paper,
GUI_OBJECT_DESC_TOILET_PAPER,Always have some on hand when you cut yourself shaving.,
OBJECT_DESTROY,Destroy,
